debug 2025/05/04 22:08:01 Loading application configuration
debug 2025/05/04 22:08:01 Configuration loaded, directories to scan: [/Users/aidanalrawi/code/project_2/hako]
debug 2025/05/04 22:08:01 Scanning directories for audio files: [/Users/aidanalrawi/code/project_2/hako]
debug 2025/05/04 22:08:01 Found audio file: /Users/aidanalrawi/code/project_2/hako/Already_Rich.mp3
debug 2025/05/04 22:08:01 Reading metadata for file: /Users/aidanalrawi/code/project_2/hako/Already_Rich.mp3
debug 2025/05/04 22:08:01 Raw metadata - Title: Already Rich, Album: Already Rich, Artist: Yeat
debug 2025/05/04 22:08:01 Processed audio file: Title=Already Rich, Description=Already Rich ⊚ Yeat, Format=0
debug 2025/05/04 22:08:01 Found audio file: /Users/aidanalrawi/code/project_2/hako/Gët Busy [Official Music Video].mp3
debug 2025/05/04 22:08:01 Reading metadata for file: /Users/aidanalrawi/code/project_2/hako/Gët Busy [Official Music Video].mp3
debug 2025/05/04 22:08:01 Raw metadata - Title: Gët Busy [Official Music Video], Album: , Artist: Yeat Music
debug 2025/05/04 22:08:01 Processed audio file: Title=Gët Busy [Official Music Video], Description= ⊚ Yeat Music, Format=0
debug 2025/05/04 22:08:01 Found audio file: /Users/aidanalrawi/code/project_2/hako/On tha line [Official Music Video].mp3
debug 2025/05/04 22:08:01 Reading metadata for file: /Users/aidanalrawi/code/project_2/hako/On tha line [Official Music Video].mp3
debug 2025/05/04 22:08:01 Raw metadata - Title: On tha line [Official Music Video], Album: , Artist: Yeat Music
debug 2025/05/04 22:08:01 Processed audio file: Title=On tha line [Official Music Video], Description= ⊚ Yeat Music, Format=0
debug 2025/05/04 22:08:01 Found audio file: /Users/aidanalrawi/code/project_2/hako/Out thë way [Official Audio].mp3
debug 2025/05/04 22:08:01 Reading metadata for file: /Users/aidanalrawi/code/project_2/hako/Out thë way [Official Audio].mp3
debug 2025/05/04 22:08:01 Raw metadata - Title: Out thë way [Official Audio], Album: , Artist: Yeat Music
debug 2025/05/04 22:08:01 Processed audio file: Title=Out thë way [Official Audio], Description= ⊚ Yeat Music, Format=0
debug 2025/05/04 22:08:01 Found audio file: /Users/aidanalrawi/code/project_2/hako/Talk [Official Audio].mp3
debug 2025/05/04 22:08:01 Reading metadata for file: /Users/aidanalrawi/code/project_2/hako/Talk [Official Audio].mp3
debug 2025/05/04 22:08:01 Raw metadata - Title: Talk [Official Audio], Album: , Artist: Yeat Music
debug 2025/05/04 22:08:01 Processed audio file: Title=Talk [Official Audio], Description= ⊚ Yeat Music, Format=0
debug 2025/05/04 22:08:01 Found audio file: /Users/aidanalrawi/code/project_2/hako/Yeat - Poppin (Official Music Video).mp3
debug 2025/05/04 22:08:01 Reading metadata for file: /Users/aidanalrawi/code/project_2/hako/Yeat - Poppin (Official Music Video).mp3
debug 2025/05/04 22:08:01 Raw metadata - Title: Yeat - Poppin (Official Music Video), Album: , Artist: Lyrical Lemonade
debug 2025/05/04 22:08:01 Processed audio file: Title=Yeat - Poppin (Official Music Video), Description= ⊚ Lyrical Lemonade, Format=0
debug 2025/05/04 22:08:01 Found audio file: /Users/aidanalrawi/code/project_2/hako/studio.mp3
debug 2025/05/04 22:08:01 Reading metadata for file: /Users/aidanalrawi/code/project_2/hako/studio.mp3
debug 2025/05/04 22:08:01 Raw metadata - Title: , Album: , Artist: 
debug 2025/05/04 22:08:01 No title in metadata, using filename instead
debug 2025/05/04 22:08:01 Processed audio file: Title=/Users/aidanalrawi/code/project_2/hako/studio.mp3, Description= ⊚ , Format=0
debug 2025/05/04 22:08:01 Found audio file: /Users/aidanalrawi/code/project_2/hako/test.mp3
debug 2025/05/04 22:08:01 Reading metadata for file: /Users/aidanalrawi/code/project_2/hako/test.mp3
debug 2025/05/04 22:08:01 Raw metadata - Title: , Album: , Artist: 
debug 2025/05/04 22:08:01 No title in metadata, using filename instead
debug 2025/05/04 22:08:01 Processed audio file: Title=/Users/aidanalrawi/code/project_2/hako/test.mp3, Description= ⊚ , Format=0
debug 2025/05/04 22:08:01 Found 8 audio tracks in total
debug 2025/05/04 22:08:01 Initializing application model
debug 2025/05/04 22:08:01 Initializing audio key mapping
debug 2025/05/04 22:08:01 Initializing audio key mapping
debug 2025/05/04 22:08:01 Starting TUI application
debug 2025/05/04 22:08:01 Initializing tea model
debug 2025/05/04 22:08:01 Window resized to 231 x 63
debug 2025/05/04 22:08:05 Selected track index: 2
debug 2025/05/04 22:08:05 Playing track: On tha line [Official Music Video]
debug 2025/05/04 22:08:05 Now playing: On tha line [Official Music Video]
debug 2025/05/04 22:08:07 Adding bookmark
debug 2025/05/04 22:08:07 Added bookmark at position: 00:00:01 for track: /Users/aidanalrawi/code/project_2/hako/On tha line [Official Music Video].mp3
debug 2025/05/04 22:08:07 Updated tabs: [00:00:01 <b>]
debug 2025/05/04 22:08:08 Adding bookmark
debug 2025/05/04 22:08:08 Added bookmark at position: 00:00:03 for track: /Users/aidanalrawi/code/project_2/hako/On tha line [Official Music Video].mp3
debug 2025/05/04 22:08:08 Updated tabs: [00:00:01 00:00:03 <b>]
debug 2025/05/04 22:08:20 Selected track index: 0
debug 2025/05/04 22:08:20 Rewinding current track
debug 2025/05/04 22:08:20 Playing track: Already Rich
debug 2025/05/04 22:08:20 Now playing: Already Rich
debug 2025/05/04 22:08:20 Selected track index: 0
debug 2025/05/04 22:08:20 Rewinding current track
debug 2025/05/04 22:08:20 Playing track: Already Rich
debug 2025/05/04 22:08:20 Now playing: Already Rich
debug 2025/05/04 22:08:21 Selected track index: 0
debug 2025/05/04 22:08:21 Rewinding current track
debug 2025/05/04 22:08:21 Playing track: Already Rich
debug 2025/05/04 22:08:21 Now playing: Already Rich
debug 2025/05/04 22:08:23 Quit requested
debug 2025/05/04 22:08:23 Closed audio player
debug 2025/05/04 22:08:23 Saved bookmarks and exiting application
debug 2025/05/04 22:08:23 Application shutting down, cleaning up resources
debug 2025/05/04 22:08:23 Audio player application terminated
debug 2025/05/04 22:09:25 Loading application configuration
debug 2025/05/04 22:09:25 Configuration loaded, directories to scan: [/Users/aidanalrawi/code/project_2/hako]
debug 2025/05/04 22:09:25 Scanning directories for audio files: [/Users/aidanalrawi/code/project_2/hako]
debug 2025/05/04 22:09:25 Found audio file: /Users/aidanalrawi/code/project_2/hako/Already_Rich.mp3
debug 2025/05/04 22:09:25 Reading metadata for file: /Users/aidanalrawi/code/project_2/hako/Already_Rich.mp3
debug 2025/05/04 22:09:25 Raw metadata - Title: Already Rich, Album: Already Rich, Artist: Yeat
debug 2025/05/04 22:09:25 Processed audio file: Title=Already Rich, Description=Already Rich ⊚ Yeat, Format=0
debug 2025/05/04 22:09:25 Found audio file: /Users/aidanalrawi/code/project_2/hako/Gët Busy [Official Music Video].mp3
debug 2025/05/04 22:09:25 Reading metadata for file: /Users/aidanalrawi/code/project_2/hako/Gët Busy [Official Music Video].mp3
debug 2025/05/04 22:09:25 Raw metadata - Title: Gët Busy [Official Music Video], Album: , Artist: Yeat Music
debug 2025/05/04 22:09:25 Processed audio file: Title=Gët Busy [Official Music Video], Description= ⊚ Yeat Music, Format=0
debug 2025/05/04 22:09:25 Found audio file: /Users/aidanalrawi/code/project_2/hako/On tha line [Official Music Video].mp3
debug 2025/05/04 22:09:25 Reading metadata for file: /Users/aidanalrawi/code/project_2/hako/On tha line [Official Music Video].mp3
debug 2025/05/04 22:09:25 Raw metadata - Title: On tha line [Official Music Video], Album: , Artist: Yeat Music
debug 2025/05/04 22:09:25 Processed audio file: Title=On tha line [Official Music Video], Description= ⊚ Yeat Music, Format=0
debug 2025/05/04 22:09:25 Found audio file: /Users/aidanalrawi/code/project_2/hako/Out thë way [Official Audio].mp3
debug 2025/05/04 22:09:25 Reading metadata for file: /Users/aidanalrawi/code/project_2/hako/Out thë way [Official Audio].mp3
debug 2025/05/04 22:09:25 Raw metadata - Title: Out thë way [Official Audio], Album: , Artist: Yeat Music
debug 2025/05/04 22:09:25 Processed audio file: Title=Out thë way [Official Audio], Description= ⊚ Yeat Music, Format=0
debug 2025/05/04 22:09:25 Found audio file: /Users/aidanalrawi/code/project_2/hako/Talk [Official Audio].mp3
debug 2025/05/04 22:09:25 Reading metadata for file: /Users/aidanalrawi/code/project_2/hako/Talk [Official Audio].mp3
debug 2025/05/04 22:09:25 Raw metadata - Title: Talk [Official Audio], Album: , Artist: Yeat Music
debug 2025/05/04 22:09:25 Processed audio file: Title=Talk [Official Audio], Description= ⊚ Yeat Music, Format=0
debug 2025/05/04 22:09:25 Found audio file: /Users/aidanalrawi/code/project_2/hako/Yeat - Poppin (Official Music Video).mp3
debug 2025/05/04 22:09:25 Reading metadata for file: /Users/aidanalrawi/code/project_2/hako/Yeat - Poppin (Official Music Video).mp3
debug 2025/05/04 22:09:25 Raw metadata - Title: Yeat - Poppin (Official Music Video), Album: , Artist: Lyrical Lemonade
debug 2025/05/04 22:09:25 Processed audio file: Title=Yeat - Poppin (Official Music Video), Description= ⊚ Lyrical Lemonade, Format=0
debug 2025/05/04 22:09:25 Found audio file: /Users/aidanalrawi/code/project_2/hako/studio.mp3
debug 2025/05/04 22:09:25 Reading metadata for file: /Users/aidanalrawi/code/project_2/hako/studio.mp3
debug 2025/05/04 22:09:25 Raw metadata - Title: , Album: , Artist: 
debug 2025/05/04 22:09:25 No title in metadata, using filename instead
debug 2025/05/04 22:09:25 Processed audio file: Title=/Users/aidanalrawi/code/project_2/hako/studio.mp3, Description= ⊚ , Format=0
debug 2025/05/04 22:09:25 Found audio file: /Users/aidanalrawi/code/project_2/hako/test.mp3
debug 2025/05/04 22:09:25 Reading metadata for file: /Users/aidanalrawi/code/project_2/hako/test.mp3
debug 2025/05/04 22:09:25 Raw metadata - Title: , Album: , Artist: 
debug 2025/05/04 22:09:25 No title in metadata, using filename instead
debug 2025/05/04 22:09:25 Processed audio file: Title=/Users/aidanalrawi/code/project_2/hako/test.mp3, Description= ⊚ , Format=0
debug 2025/05/04 22:09:25 Found 8 audio tracks in total
debug 2025/05/04 22:09:25 Initializing application model
debug 2025/05/04 22:09:25 Initializing audio key mapping
debug 2025/05/04 22:09:25 Initializing audio key mapping
debug 2025/05/04 22:09:25 Starting TUI application
debug 2025/05/04 22:09:25 Initializing tea model
debug 2025/05/04 22:09:25 Window resized to 231 x 63
debug 2025/05/04 22:09:51 Quit requested
debug 2025/05/04 22:09:51 Saved bookmarks and exiting application
debug 2025/05/04 22:09:51 Application shutting down, cleaning up resources
debug 2025/05/04 22:09:51 Audio player application terminated
debug 2025/05/04 22:12:06 Loading application configuration
debug 2025/05/04 22:12:06 Configuration loaded, directories to scan: [/Users/aidanalrawi/code/project_2/hako]
debug 2025/05/04 22:12:06 Scanning directories for audio files: [/Users/aidanalrawi/code/project_2/hako]
debug 2025/05/04 22:12:06 Found audio file: /Users/aidanalrawi/code/project_2/hako/Already_Rich.mp3
debug 2025/05/04 22:12:06 Reading metadata for file: /Users/aidanalrawi/code/project_2/hako/Already_Rich.mp3
debug 2025/05/04 22:12:06 Raw metadata - Title: Already Rich, Album: Already Rich, Artist: Yeat
debug 2025/05/04 22:12:06 Processed audio file: Title=Already Rich, Description=Already Rich ⊚ Yeat, Format=0
debug 2025/05/04 22:12:06 Found audio file: /Users/aidanalrawi/code/project_2/hako/Gët Busy [Official Music Video].mp3
debug 2025/05/04 22:12:06 Reading metadata for file: /Users/aidanalrawi/code/project_2/hako/Gët Busy [Official Music Video].mp3
debug 2025/05/04 22:12:06 Raw metadata - Title: Gët Busy [Official Music Video], Album: , Artist: Yeat Music
debug 2025/05/04 22:12:06 Processed audio file: Title=Gët Busy [Official Music Video], Description= ⊚ Yeat Music, Format=0
debug 2025/05/04 22:12:06 Found audio file: /Users/aidanalrawi/code/project_2/hako/On tha line [Official Music Video].mp3
debug 2025/05/04 22:12:06 Reading metadata for file: /Users/aidanalrawi/code/project_2/hako/On tha line [Official Music Video].mp3
debug 2025/05/04 22:12:06 Raw metadata - Title: On tha line [Official Music Video], Album: , Artist: Yeat Music
debug 2025/05/04 22:12:06 Processed audio file: Title=On tha line [Official Music Video], Description= ⊚ Yeat Music, Format=0
debug 2025/05/04 22:12:06 Found audio file: /Users/aidanalrawi/code/project_2/hako/Out thë way [Official Audio].mp3
debug 2025/05/04 22:12:06 Reading metadata for file: /Users/aidanalrawi/code/project_2/hako/Out thë way [Official Audio].mp3
debug 2025/05/04 22:12:06 Raw metadata - Title: Out thë way [Official Audio], Album: , Artist: Yeat Music
debug 2025/05/04 22:12:06 Processed audio file: Title=Out thë way [Official Audio], Description= ⊚ Yeat Music, Format=0
debug 2025/05/04 22:12:06 Found audio file: /Users/aidanalrawi/code/project_2/hako/Talk [Official Audio].mp3
debug 2025/05/04 22:12:06 Reading metadata for file: /Users/aidanalrawi/code/project_2/hako/Talk [Official Audio].mp3
debug 2025/05/04 22:12:06 Raw metadata - Title: Talk [Official Audio], Album: , Artist: Yeat Music
debug 2025/05/04 22:12:06 Processed audio file: Title=Talk [Official Audio], Description= ⊚ Yeat Music, Format=0
debug 2025/05/04 22:12:06 Found audio file: /Users/aidanalrawi/code/project_2/hako/Yeat - Poppin (Official Music Video).mp3
debug 2025/05/04 22:12:06 Reading metadata for file: /Users/aidanalrawi/code/project_2/hako/Yeat - Poppin (Official Music Video).mp3
debug 2025/05/04 22:12:06 Raw metadata - Title: Yeat - Poppin (Official Music Video), Album: , Artist: Lyrical Lemonade
debug 2025/05/04 22:12:06 Processed audio file: Title=Yeat - Poppin (Official Music Video), Description= ⊚ Lyrical Lemonade, Format=0
debug 2025/05/04 22:12:06 Found audio file: /Users/aidanalrawi/code/project_2/hako/studio.mp3
debug 2025/05/04 22:12:06 Reading metadata for file: /Users/aidanalrawi/code/project_2/hako/studio.mp3
debug 2025/05/04 22:12:06 Raw metadata - Title: , Album: , Artist: 
debug 2025/05/04 22:12:06 No title in metadata, using filename instead
debug 2025/05/04 22:12:06 Processed audio file: Title=/Users/aidanalrawi/code/project_2/hako/studio.mp3, Description= ⊚ , Format=0
debug 2025/05/04 22:12:06 Found audio file: /Users/aidanalrawi/code/project_2/hako/test.mp3
debug 2025/05/04 22:12:06 Reading metadata for file: /Users/aidanalrawi/code/project_2/hako/test.mp3
debug 2025/05/04 22:12:06 Raw metadata - Title: , Album: , Artist: 
debug 2025/05/04 22:12:06 No title in metadata, using filename instead
debug 2025/05/04 22:12:06 Processed audio file: Title=/Users/aidanalrawi/code/project_2/hako/test.mp3, Description= ⊚ , Format=0
debug 2025/05/04 22:12:06 Found 8 audio tracks in total
debug 2025/05/04 22:12:06 Initializing application model
debug 2025/05/04 22:12:06 Initializing audio key mapping
debug 2025/05/04 22:12:06 Initializing audio key mapping
debug 2025/05/04 22:12:06 Starting TUI application
debug 2025/05/04 22:12:06 Initializing tea model
debug 2025/05/04 22:12:06 Window resized to 231 x 63
debug 2025/05/04 22:12:27 Quit requested
debug 2025/05/04 22:12:27 Saved bookmarks and exiting application
debug 2025/05/04 22:12:27 Application shutting down, cleaning up resources
debug 2025/05/04 22:12:27 Audio player application terminated
debug 2025/05/04 22:13:26 Loading application configuration
debug 2025/05/04 22:13:26 Configuration loaded, directories to scan: [/Users/aidanalrawi/code/project_2/hako]
debug 2025/05/04 22:13:26 Scanning directories for audio files: [/Users/aidanalrawi/code/project_2/hako]
debug 2025/05/04 22:13:26 Found audio file: /Users/aidanalrawi/code/project_2/hako/Already_Rich.mp3
debug 2025/05/04 22:13:26 Reading metadata for file: /Users/aidanalrawi/code/project_2/hako/Already_Rich.mp3
debug 2025/05/04 22:13:26 Raw metadata - Title: Already Rich, Album: Already Rich, Artist: Yeat
debug 2025/05/04 22:13:26 Processed audio file: Title=Already Rich, Description=Already Rich ⊚ Yeat, Format=0
debug 2025/05/04 22:13:26 Found audio file: /Users/aidanalrawi/code/project_2/hako/Gët Busy [Official Music Video].mp3
debug 2025/05/04 22:13:26 Reading metadata for file: /Users/aidanalrawi/code/project_2/hako/Gët Busy [Official Music Video].mp3
debug 2025/05/04 22:13:26 Raw metadata - Title: Gët Busy [Official Music Video], Album: , Artist: Yeat Music
debug 2025/05/04 22:13:26 Processed audio file: Title=Gët Busy [Official Music Video], Description= ⊚ Yeat Music, Format=0
debug 2025/05/04 22:13:26 Found audio file: /Users/aidanalrawi/code/project_2/hako/On tha line [Official Music Video].mp3
debug 2025/05/04 22:13:26 Reading metadata for file: /Users/aidanalrawi/code/project_2/hako/On tha line [Official Music Video].mp3
debug 2025/05/04 22:13:26 Raw metadata - Title: On tha line [Official Music Video], Album: , Artist: Yeat Music
debug 2025/05/04 22:13:26 Processed audio file: Title=On tha line [Official Music Video], Description= ⊚ Yeat Music, Format=0
debug 2025/05/04 22:13:26 Found audio file: /Users/aidanalrawi/code/project_2/hako/Out thë way [Official Audio].mp3
debug 2025/05/04 22:13:26 Reading metadata for file: /Users/aidanalrawi/code/project_2/hako/Out thë way [Official Audio].mp3
debug 2025/05/04 22:13:26 Raw metadata - Title: Out thë way [Official Audio], Album: , Artist: Yeat Music
debug 2025/05/04 22:13:26 Processed audio file: Title=Out thë way [Official Audio], Description= ⊚ Yeat Music, Format=0
debug 2025/05/04 22:13:26 Found audio file: /Users/aidanalrawi/code/project_2/hako/Talk [Official Audio].mp3
debug 2025/05/04 22:13:26 Reading metadata for file: /Users/aidanalrawi/code/project_2/hako/Talk [Official Audio].mp3
debug 2025/05/04 22:13:26 Raw metadata - Title: Talk [Official Audio], Album: , Artist: Yeat Music
debug 2025/05/04 22:13:26 Processed audio file: Title=Talk [Official Audio], Description= ⊚ Yeat Music, Format=0
debug 2025/05/04 22:13:26 Found audio file: /Users/aidanalrawi/code/project_2/hako/Yeat - Poppin (Official Music Video).mp3
debug 2025/05/04 22:13:26 Reading metadata for file: /Users/aidanalrawi/code/project_2/hako/Yeat - Poppin (Official Music Video).mp3
debug 2025/05/04 22:13:26 Raw metadata - Title: Yeat - Poppin (Official Music Video), Album: , Artist: Lyrical Lemonade
debug 2025/05/04 22:13:26 Processed audio file: Title=Yeat - Poppin (Official Music Video), Description= ⊚ Lyrical Lemonade, Format=0
debug 2025/05/04 22:13:26 Found audio file: /Users/aidanalrawi/code/project_2/hako/studio.mp3
debug 2025/05/04 22:13:26 Reading metadata for file: /Users/aidanalrawi/code/project_2/hako/studio.mp3
debug 2025/05/04 22:13:26 Raw metadata - Title: , Album: , Artist: 
debug 2025/05/04 22:13:26 No title in metadata, using filename instead
debug 2025/05/04 22:13:26 Processed audio file: Title=/Users/aidanalrawi/code/project_2/hako/studio.mp3, Description= ⊚ , Format=0
debug 2025/05/04 22:13:26 Found audio file: /Users/aidanalrawi/code/project_2/hako/test.mp3
debug 2025/05/04 22:13:26 Reading metadata for file: /Users/aidanalrawi/code/project_2/hako/test.mp3
debug 2025/05/04 22:13:26 Raw metadata - Title: , Album: , Artist: 
debug 2025/05/04 22:13:26 No title in metadata, using filename instead
debug 2025/05/04 22:13:26 Processed audio file: Title=/Users/aidanalrawi/code/project_2/hako/test.mp3, Description= ⊚ , Format=0
debug 2025/05/04 22:13:26 Found 8 audio tracks in total
debug 2025/05/04 22:13:26 Initializing application model
debug 2025/05/04 22:13:26 Initializing audio key mapping
debug 2025/05/04 22:13:26 Initializing audio key mapping
debug 2025/05/04 22:13:26 Starting TUI application
debug 2025/05/04 22:13:26 Initializing tea model
debug 2025/05/04 22:13:26 Window resized to 231 x 63
debug 2025/05/04 22:13:32 Selected track index: 0
debug 2025/05/04 22:13:32 Playing track: Already Rich
debug 2025/05/04 22:13:32 Now playing: Already Rich
debug 2025/05/04 22:13:32 Selected track index: 0
debug 2025/05/04 22:13:32 Rewinding current track
debug 2025/05/04 22:13:32 Playing track: Already Rich
debug 2025/05/04 22:13:33 Now playing: Already Rich
debug 2025/05/04 22:13:57 Quit requested
debug 2025/05/04 22:13:57 Closed audio player
debug 2025/05/04 22:13:57 Saved bookmarks and exiting application
debug 2025/05/04 22:13:57 Application shutting down, cleaning up resources
debug 2025/05/04 22:13:57 Audio player application terminated
debug 2025/05/04 22:18:05 Loading application configuration
debug 2025/05/04 22:18:05 Configuration loaded, directories to scan: [/Users/aidanalrawi/code/project_2/hako]
debug 2025/05/04 22:18:05 Scanning directories for audio files: [/Users/aidanalrawi/code/project_2/hako]
debug 2025/05/04 22:18:05 Found audio file: /Users/aidanalrawi/code/project_2/hako/Already_Rich.mp3
debug 2025/05/04 22:18:05 Reading metadata for file: /Users/aidanalrawi/code/project_2/hako/Already_Rich.mp3
debug 2025/05/04 22:18:05 Raw metadata - Title: Already Rich, Album: Already Rich, Artist: Yeat
debug 2025/05/04 22:18:05 Processed audio file: Title=Already Rich, Description=Already Rich ⊚ Yeat, Format=0
debug 2025/05/04 22:18:05 Found audio file: /Users/aidanalrawi/code/project_2/hako/Gët Busy [Official Music Video].mp3
debug 2025/05/04 22:18:05 Reading metadata for file: /Users/aidanalrawi/code/project_2/hako/Gët Busy [Official Music Video].mp3
debug 2025/05/04 22:18:05 Raw metadata - Title: Gët Busy [Official Music Video], Album: , Artist: Yeat Music
debug 2025/05/04 22:18:05 Processed audio file: Title=Gët Busy [Official Music Video], Description= ⊚ Yeat Music, Format=0
debug 2025/05/04 22:18:05 Found audio file: /Users/aidanalrawi/code/project_2/hako/On tha line [Official Music Video].mp3
debug 2025/05/04 22:18:05 Reading metadata for file: /Users/aidanalrawi/code/project_2/hako/On tha line [Official Music Video].mp3
debug 2025/05/04 22:18:05 Raw metadata - Title: On tha line [Official Music Video], Album: , Artist: Yeat Music
debug 2025/05/04 22:18:05 Processed audio file: Title=On tha line [Official Music Video], Description= ⊚ Yeat Music, Format=0
debug 2025/05/04 22:18:05 Found audio file: /Users/aidanalrawi/code/project_2/hako/Out thë way [Official Audio].mp3
debug 2025/05/04 22:18:05 Reading metadata for file: /Users/aidanalrawi/code/project_2/hako/Out thë way [Official Audio].mp3
debug 2025/05/04 22:18:05 Raw metadata - Title: Out thë way [Official Audio], Album: , Artist: Yeat Music
debug 2025/05/04 22:18:05 Processed audio file: Title=Out thë way [Official Audio], Description= ⊚ Yeat Music, Format=0
debug 2025/05/04 22:18:05 Found audio file: /Users/aidanalrawi/code/project_2/hako/Talk [Official Audio].mp3
debug 2025/05/04 22:18:05 Reading metadata for file: /Users/aidanalrawi/code/project_2/hako/Talk [Official Audio].mp3
debug 2025/05/04 22:18:05 Raw metadata - Title: Talk [Official Audio], Album: , Artist: Yeat Music
debug 2025/05/04 22:18:05 Processed audio file: Title=Talk [Official Audio], Description= ⊚ Yeat Music, Format=0
debug 2025/05/04 22:18:05 Found audio file: /Users/aidanalrawi/code/project_2/hako/Yeat - Poppin (Official Music Video).mp3
debug 2025/05/04 22:18:05 Reading metadata for file: /Users/aidanalrawi/code/project_2/hako/Yeat - Poppin (Official Music Video).mp3
debug 2025/05/04 22:18:05 Raw metadata - Title: Yeat - Poppin (Official Music Video), Album: , Artist: Lyrical Lemonade
debug 2025/05/04 22:18:05 Processed audio file: Title=Yeat - Poppin (Official Music Video), Description= ⊚ Lyrical Lemonade, Format=0
debug 2025/05/04 22:18:05 Found audio file: /Users/aidanalrawi/code/project_2/hako/studio.mp3
debug 2025/05/04 22:18:05 Reading metadata for file: /Users/aidanalrawi/code/project_2/hako/studio.mp3
debug 2025/05/04 22:18:05 Raw metadata - Title: , Album: , Artist: 
debug 2025/05/04 22:18:05 No title in metadata, using filename instead
debug 2025/05/04 22:18:05 Processed audio file: Title=/Users/aidanalrawi/code/project_2/hako/studio.mp3, Description= ⊚ , Format=0
debug 2025/05/04 22:18:05 Found audio file: /Users/aidanalrawi/code/project_2/hako/test.mp3
debug 2025/05/04 22:18:05 Reading metadata for file: /Users/aidanalrawi/code/project_2/hako/test.mp3
debug 2025/05/04 22:18:05 Raw metadata - Title: , Album: , Artist: 
debug 2025/05/04 22:18:05 No title in metadata, using filename instead
debug 2025/05/04 22:18:05 Processed audio file: Title=/Users/aidanalrawi/code/project_2/hako/test.mp3, Description= ⊚ , Format=0
debug 2025/05/04 22:18:05 Found 8 audio tracks in total
debug 2025/05/04 22:18:05 Initializing application model
debug 2025/05/04 22:18:05 Initializing audio key mapping
debug 2025/05/04 22:18:05 Initializing audio key mapping
debug 2025/05/04 22:18:05 Starting TUI application
debug 2025/05/04 22:18:05 Initializing tea model
debug 2025/05/04 22:18:05 Window resized to 231 x 63
debug 2025/05/04 22:18:20 Quit requested
debug 2025/05/04 22:18:20 Saved bookmarks and exiting application
debug 2025/05/04 22:18:20 Application shutting down, cleaning up resources
debug 2025/05/04 22:18:20 Audio player application terminated
debug 2025/05/04 22:19:35 Loading application configuration
debug 2025/05/04 22:19:35 Configuration loaded, directories to scan: [/Users/aidanalrawi/code/project_2/hako]
debug 2025/05/04 22:19:35 Scanning directories for audio files: [/Users/aidanalrawi/code/project_2/hako]
debug 2025/05/04 22:19:35 Found audio file: /Users/aidanalrawi/code/project_2/hako/Already_Rich.mp3
debug 2025/05/04 22:19:35 Reading metadata for file: /Users/aidanalrawi/code/project_2/hako/Already_Rich.mp3
debug 2025/05/04 22:19:35 Raw metadata - Title: Already Rich, Album: Already Rich, Artist: Yeat
debug 2025/05/04 22:19:35 Processed audio file: Title=Already Rich, Description=Already Rich ⊚ Yeat, Format=0
debug 2025/05/04 22:19:35 Found audio file: /Users/aidanalrawi/code/project_2/hako/Gët Busy [Official Music Video].mp3
debug 2025/05/04 22:19:35 Reading metadata for file: /Users/aidanalrawi/code/project_2/hako/Gët Busy [Official Music Video].mp3
debug 2025/05/04 22:19:35 Raw metadata - Title: Gët Busy [Official Music Video], Album: , Artist: Yeat Music
debug 2025/05/04 22:19:35 Processed audio file: Title=Gët Busy [Official Music Video], Description= ⊚ Yeat Music, Format=0
debug 2025/05/04 22:19:35 Found audio file: /Users/aidanalrawi/code/project_2/hako/On tha line [Official Music Video].mp3
debug 2025/05/04 22:19:35 Reading metadata for file: /Users/aidanalrawi/code/project_2/hako/On tha line [Official Music Video].mp3
debug 2025/05/04 22:19:35 Raw metadata - Title: On tha line [Official Music Video], Album: , Artist: Yeat Music
debug 2025/05/04 22:19:35 Processed audio file: Title=On tha line [Official Music Video], Description= ⊚ Yeat Music, Format=0
debug 2025/05/04 22:19:35 Found audio file: /Users/aidanalrawi/code/project_2/hako/Out thë way [Official Audio].mp3
debug 2025/05/04 22:19:35 Reading metadata for file: /Users/aidanalrawi/code/project_2/hako/Out thë way [Official Audio].mp3
debug 2025/05/04 22:19:35 Raw metadata - Title: Out thë way [Official Audio], Album: , Artist: Yeat Music
debug 2025/05/04 22:19:35 Processed audio file: Title=Out thë way [Official Audio], Description= ⊚ Yeat Music, Format=0
debug 2025/05/04 22:19:35 Found audio file: /Users/aidanalrawi/code/project_2/hako/Talk [Official Audio].mp3
debug 2025/05/04 22:19:35 Reading metadata for file: /Users/aidanalrawi/code/project_2/hako/Talk [Official Audio].mp3
debug 2025/05/04 22:19:35 Raw metadata - Title: Talk [Official Audio], Album: , Artist: Yeat Music
debug 2025/05/04 22:19:35 Processed audio file: Title=Talk [Official Audio], Description= ⊚ Yeat Music, Format=0
debug 2025/05/04 22:19:35 Found audio file: /Users/aidanalrawi/code/project_2/hako/Yeat - Poppin (Official Music Video).mp3
debug 2025/05/04 22:19:35 Reading metadata for file: /Users/aidanalrawi/code/project_2/hako/Yeat - Poppin (Official Music Video).mp3
debug 2025/05/04 22:19:35 Raw metadata - Title: Yeat - Poppin (Official Music Video), Album: , Artist: Lyrical Lemonade
debug 2025/05/04 22:19:35 Processed audio file: Title=Yeat - Poppin (Official Music Video), Description= ⊚ Lyrical Lemonade, Format=0
debug 2025/05/04 22:19:35 Found audio file: /Users/aidanalrawi/code/project_2/hako/studio.mp3
debug 2025/05/04 22:19:35 Reading metadata for file: /Users/aidanalrawi/code/project_2/hako/studio.mp3
debug 2025/05/04 22:19:35 Raw metadata - Title: , Album: , Artist: 
debug 2025/05/04 22:19:35 No title in metadata, using filename instead
debug 2025/05/04 22:19:35 Processed audio file: Title=/Users/aidanalrawi/code/project_2/hako/studio.mp3, Description= ⊚ , Format=0
debug 2025/05/04 22:19:35 Found audio file: /Users/aidanalrawi/code/project_2/hako/test.mp3
debug 2025/05/04 22:19:35 Reading metadata for file: /Users/aidanalrawi/code/project_2/hako/test.mp3
debug 2025/05/04 22:19:35 Raw metadata - Title: , Album: , Artist: 
debug 2025/05/04 22:19:35 No title in metadata, using filename instead
debug 2025/05/04 22:19:35 Processed audio file: Title=/Users/aidanalrawi/code/project_2/hako/test.mp3, Description= ⊚ , Format=0
debug 2025/05/04 22:19:35 Found 8 audio tracks in total
debug 2025/05/04 22:19:35 Initializing application model
debug 2025/05/04 22:19:35 Initializing audio key mapping
debug 2025/05/04 22:19:35 Initializing audio key mapping
debug 2025/05/04 22:19:35 Starting TUI application
debug 2025/05/04 22:19:35 Initializing tea model
debug 2025/05/04 22:19:35 Window resized to 231 x 63
debug 2025/05/04 22:19:39 Quit requested
debug 2025/05/04 22:19:39 Saved bookmarks and exiting application
debug 2025/05/04 22:19:39 Application shutting down, cleaning up resources
debug 2025/05/04 22:19:39 Audio player application terminated
debug 2025/05/04 22:20:54 Loading application configuration
debug 2025/05/04 22:20:54 Configuration loaded, directories to scan: [/Users/aidanalrawi/code/project_2/hako]
debug 2025/05/04 22:20:54 Scanning directories for audio files: [/Users/aidanalrawi/code/project_2/hako]
debug 2025/05/04 22:20:54 Found audio file: /Users/aidanalrawi/code/project_2/hako/Already_Rich.mp3
debug 2025/05/04 22:20:54 Reading metadata for file: /Users/aidanalrawi/code/project_2/hako/Already_Rich.mp3
debug 2025/05/04 22:20:54 Raw metadata - Title: Already Rich, Album: Already Rich, Artist: Yeat
debug 2025/05/04 22:20:54 Processed audio file: Title=Already Rich, Description=Already Rich ⊚ Yeat, Format=0
debug 2025/05/04 22:20:54 Found audio file: /Users/aidanalrawi/code/project_2/hako/Gët Busy [Official Music Video].mp3
debug 2025/05/04 22:20:54 Reading metadata for file: /Users/aidanalrawi/code/project_2/hako/Gët Busy [Official Music Video].mp3
debug 2025/05/04 22:20:54 Raw metadata - Title: Gët Busy [Official Music Video], Album: , Artist: Yeat Music
debug 2025/05/04 22:20:54 Processed audio file: Title=Gët Busy [Official Music Video], Description= ⊚ Yeat Music, Format=0
debug 2025/05/04 22:20:54 Found audio file: /Users/aidanalrawi/code/project_2/hako/On tha line [Official Music Video].mp3
debug 2025/05/04 22:20:54 Reading metadata for file: /Users/aidanalrawi/code/project_2/hako/On tha line [Official Music Video].mp3
debug 2025/05/04 22:20:54 Raw metadata - Title: On tha line [Official Music Video], Album: , Artist: Yeat Music
debug 2025/05/04 22:20:54 Processed audio file: Title=On tha line [Official Music Video], Description= ⊚ Yeat Music, Format=0
debug 2025/05/04 22:20:54 Found audio file: /Users/aidanalrawi/code/project_2/hako/Out thë way [Official Audio].mp3
debug 2025/05/04 22:20:54 Reading metadata for file: /Users/aidanalrawi/code/project_2/hako/Out thë way [Official Audio].mp3
debug 2025/05/04 22:20:54 Raw metadata - Title: Out thë way [Official Audio], Album: , Artist: Yeat Music
debug 2025/05/04 22:20:54 Processed audio file: Title=Out thë way [Official Audio], Description= ⊚ Yeat Music, Format=0
debug 2025/05/04 22:20:54 Found audio file: /Users/aidanalrawi/code/project_2/hako/Talk [Official Audio].mp3
debug 2025/05/04 22:20:54 Reading metadata for file: /Users/aidanalrawi/code/project_2/hako/Talk [Official Audio].mp3
debug 2025/05/04 22:20:54 Raw metadata - Title: Talk [Official Audio], Album: , Artist: Yeat Music
debug 2025/05/04 22:20:54 Processed audio file: Title=Talk [Official Audio], Description= ⊚ Yeat Music, Format=0
debug 2025/05/04 22:20:54 Found audio file: /Users/aidanalrawi/code/project_2/hako/Yeat - Poppin (Official Music Video).mp3
debug 2025/05/04 22:20:54 Reading metadata for file: /Users/aidanalrawi/code/project_2/hako/Yeat - Poppin (Official Music Video).mp3
debug 2025/05/04 22:20:54 Raw metadata - Title: Yeat - Poppin (Official Music Video), Album: , Artist: Lyrical Lemonade
debug 2025/05/04 22:20:54 Processed audio file: Title=Yeat - Poppin (Official Music Video), Description= ⊚ Lyrical Lemonade, Format=0
debug 2025/05/04 22:20:54 Found audio file: /Users/aidanalrawi/code/project_2/hako/studio.mp3
debug 2025/05/04 22:20:54 Reading metadata for file: /Users/aidanalrawi/code/project_2/hako/studio.mp3
debug 2025/05/04 22:20:54 Raw metadata - Title: , Album: , Artist: 
debug 2025/05/04 22:20:54 No title in metadata, using filename instead
debug 2025/05/04 22:20:54 Processed audio file: Title=/Users/aidanalrawi/code/project_2/hako/studio.mp3, Description= ⊚ , Format=0
debug 2025/05/04 22:20:54 Found audio file: /Users/aidanalrawi/code/project_2/hako/test.mp3
debug 2025/05/04 22:20:54 Reading metadata for file: /Users/aidanalrawi/code/project_2/hako/test.mp3
debug 2025/05/04 22:20:54 Raw metadata - Title: , Album: , Artist: 
debug 2025/05/04 22:20:54 No title in metadata, using filename instead
debug 2025/05/04 22:20:54 Processed audio file: Title=/Users/aidanalrawi/code/project_2/hako/test.mp3, Description= ⊚ , Format=0
debug 2025/05/04 22:20:54 Found 8 audio tracks in total
debug 2025/05/04 22:20:54 Initializing application model
debug 2025/05/04 22:20:54 Initializing audio key mapping
debug 2025/05/04 22:20:54 Initializing audio key mapping
debug 2025/05/04 22:20:54 Starting TUI application
debug 2025/05/04 22:20:54 Initializing tea model
debug 2025/05/04 22:20:54 Window resized to 231 x 63
debug 2025/05/04 22:21:20 Quit requested
debug 2025/05/04 22:21:20 Saved bookmarks and exiting application
debug 2025/05/04 22:21:20 Application shutting down, cleaning up resources
debug 2025/05/04 22:21:20 Audio player application terminated
debug 2025/05/04 22:24:13 Loading application configuration
debug 2025/05/04 22:24:13 Configuration loaded, directories to scan: [/Users/aidanalrawi/code/project_2/hako]
debug 2025/05/04 22:24:13 Scanning directories for audio files: [/Users/aidanalrawi/code/project_2/hako]
debug 2025/05/04 22:24:13 Found audio file: /Users/aidanalrawi/code/project_2/hako/Already_Rich.mp3
debug 2025/05/04 22:24:13 Reading metadata for file: /Users/aidanalrawi/code/project_2/hako/Already_Rich.mp3
debug 2025/05/04 22:24:13 Raw metadata - Title: Already Rich, Album: Already Rich, Artist: Yeat
debug 2025/05/04 22:24:13 Processed audio file: Title=Already Rich, Description=Already Rich ⊚ Yeat, Format=0
debug 2025/05/04 22:24:13 Found audio file: /Users/aidanalrawi/code/project_2/hako/Gët Busy [Official Music Video].mp3
debug 2025/05/04 22:24:13 Reading metadata for file: /Users/aidanalrawi/code/project_2/hako/Gët Busy [Official Music Video].mp3
debug 2025/05/04 22:24:13 Raw metadata - Title: Gët Busy [Official Music Video], Album: , Artist: Yeat Music
debug 2025/05/04 22:24:13 Processed audio file: Title=Gët Busy [Official Music Video], Description= ⊚ Yeat Music, Format=0
debug 2025/05/04 22:24:13 Found audio file: /Users/aidanalrawi/code/project_2/hako/On tha line [Official Music Video].mp3
debug 2025/05/04 22:24:13 Reading metadata for file: /Users/aidanalrawi/code/project_2/hako/On tha line [Official Music Video].mp3
debug 2025/05/04 22:24:13 Raw metadata - Title: On tha line [Official Music Video], Album: , Artist: Yeat Music
debug 2025/05/04 22:24:13 Processed audio file: Title=On tha line [Official Music Video], Description= ⊚ Yeat Music, Format=0
debug 2025/05/04 22:24:13 Found audio file: /Users/aidanalrawi/code/project_2/hako/Out thë way [Official Audio].mp3
debug 2025/05/04 22:24:13 Reading metadata for file: /Users/aidanalrawi/code/project_2/hako/Out thë way [Official Audio].mp3
debug 2025/05/04 22:24:13 Raw metadata - Title: Out thë way [Official Audio], Album: , Artist: Yeat Music
debug 2025/05/04 22:24:13 Processed audio file: Title=Out thë way [Official Audio], Description= ⊚ Yeat Music, Format=0
debug 2025/05/04 22:24:13 Found audio file: /Users/aidanalrawi/code/project_2/hako/Talk [Official Audio].mp3
debug 2025/05/04 22:24:13 Reading metadata for file: /Users/aidanalrawi/code/project_2/hako/Talk [Official Audio].mp3
debug 2025/05/04 22:24:13 Raw metadata - Title: Talk [Official Audio], Album: , Artist: Yeat Music
debug 2025/05/04 22:24:13 Processed audio file: Title=Talk [Official Audio], Description= ⊚ Yeat Music, Format=0
debug 2025/05/04 22:24:13 Found audio file: /Users/aidanalrawi/code/project_2/hako/Yeat - Poppin (Official Music Video).mp3
debug 2025/05/04 22:24:13 Reading metadata for file: /Users/aidanalrawi/code/project_2/hako/Yeat - Poppin (Official Music Video).mp3
debug 2025/05/04 22:24:13 Raw metadata - Title: Yeat - Poppin (Official Music Video), Album: , Artist: Lyrical Lemonade
debug 2025/05/04 22:24:13 Processed audio file: Title=Yeat - Poppin (Official Music Video), Description= ⊚ Lyrical Lemonade, Format=0
debug 2025/05/04 22:24:13 Found audio file: /Users/aidanalrawi/code/project_2/hako/studio.mp3
debug 2025/05/04 22:24:13 Reading metadata for file: /Users/aidanalrawi/code/project_2/hako/studio.mp3
debug 2025/05/04 22:24:13 Raw metadata - Title: , Album: , Artist: 
debug 2025/05/04 22:24:13 No title in metadata, using filename instead
debug 2025/05/04 22:24:13 Processed audio file: Title=/Users/aidanalrawi/code/project_2/hako/studio.mp3, Description= ⊚ , Format=0
debug 2025/05/04 22:24:13 Found audio file: /Users/aidanalrawi/code/project_2/hako/test.mp3
debug 2025/05/04 22:24:13 Reading metadata for file: /Users/aidanalrawi/code/project_2/hako/test.mp3
debug 2025/05/04 22:24:13 Raw metadata - Title: , Album: , Artist: 
debug 2025/05/04 22:24:13 No title in metadata, using filename instead
debug 2025/05/04 22:24:13 Processed audio file: Title=/Users/aidanalrawi/code/project_2/hako/test.mp3, Description= ⊚ , Format=0
debug 2025/05/04 22:24:13 Found 8 audio tracks in total
debug 2025/05/04 22:24:13 Initializing application model
debug 2025/05/04 22:24:13 Initializing audio key mapping
debug 2025/05/04 22:24:13 Initializing audio key mapping
debug 2025/05/04 22:24:13 Starting TUI application
debug 2025/05/04 22:24:13 Initializing tea model
debug 2025/05/04 22:24:13 Window resized to 231 x 63
debug 2025/05/04 22:24:21 Quit requested
debug 2025/05/04 22:24:21 Saved bookmarks and exiting application
debug 2025/05/04 22:24:21 Application shutting down, cleaning up resources
debug 2025/05/04 22:24:21 Audio player application terminated
debug 2025/05/04 22:29:23 Loading application configuration
debug 2025/05/04 22:29:23 Configuration loaded, directories to scan: [/Users/aidanalrawi/code/project_2/hako]
debug 2025/05/04 22:29:23 Scanning directories for audio files: [/Users/aidanalrawi/code/project_2/hako]
debug 2025/05/04 22:29:23 Found audio file: /Users/aidanalrawi/code/project_2/hako/Already_Rich.mp3
debug 2025/05/04 22:29:23 Reading metadata for file: /Users/aidanalrawi/code/project_2/hako/Already_Rich.mp3
debug 2025/05/04 22:29:23 Raw metadata - Title: Already Rich, Album: Already Rich, Artist: Yeat
debug 2025/05/04 22:29:23 Processed audio file: Title=Already Rich, Description=Already Rich ⊚ Yeat, Format=0
debug 2025/05/04 22:29:23 Found audio file: /Users/aidanalrawi/code/project_2/hako/Gët Busy [Official Music Video].mp3
debug 2025/05/04 22:29:23 Reading metadata for file: /Users/aidanalrawi/code/project_2/hako/Gët Busy [Official Music Video].mp3
debug 2025/05/04 22:29:23 Raw metadata - Title: Gët Busy [Official Music Video], Album: , Artist: Yeat Music
debug 2025/05/04 22:29:23 Processed audio file: Title=Gët Busy [Official Music Video], Description= ⊚ Yeat Music, Format=0
debug 2025/05/04 22:29:23 Found audio file: /Users/aidanalrawi/code/project_2/hako/On tha line [Official Music Video].mp3
debug 2025/05/04 22:29:23 Reading metadata for file: /Users/aidanalrawi/code/project_2/hako/On tha line [Official Music Video].mp3
debug 2025/05/04 22:29:23 Raw metadata - Title: On tha line [Official Music Video], Album: , Artist: Yeat Music
debug 2025/05/04 22:29:23 Processed audio file: Title=On tha line [Official Music Video], Description= ⊚ Yeat Music, Format=0
debug 2025/05/04 22:29:23 Found audio file: /Users/aidanalrawi/code/project_2/hako/Out thë way [Official Audio].mp3
debug 2025/05/04 22:29:23 Reading metadata for file: /Users/aidanalrawi/code/project_2/hako/Out thë way [Official Audio].mp3
debug 2025/05/04 22:29:23 Raw metadata - Title: Out thë way [Official Audio], Album: , Artist: Yeat Music
debug 2025/05/04 22:29:23 Processed audio file: Title=Out thë way [Official Audio], Description= ⊚ Yeat Music, Format=0
debug 2025/05/04 22:29:23 Found audio file: /Users/aidanalrawi/code/project_2/hako/Talk [Official Audio].mp3
debug 2025/05/04 22:29:23 Reading metadata for file: /Users/aidanalrawi/code/project_2/hako/Talk [Official Audio].mp3
debug 2025/05/04 22:29:23 Raw metadata - Title: Talk [Official Audio], Album: , Artist: Yeat Music
debug 2025/05/04 22:29:23 Processed audio file: Title=Talk [Official Audio], Description= ⊚ Yeat Music, Format=0
debug 2025/05/04 22:29:23 Found audio file: /Users/aidanalrawi/code/project_2/hako/Yeat - Poppin (Official Music Video).mp3
debug 2025/05/04 22:29:23 Reading metadata for file: /Users/aidanalrawi/code/project_2/hako/Yeat - Poppin (Official Music Video).mp3
debug 2025/05/04 22:29:23 Raw metadata - Title: Yeat - Poppin (Official Music Video), Album: , Artist: Lyrical Lemonade
debug 2025/05/04 22:29:23 Processed audio file: Title=Yeat - Poppin (Official Music Video), Description= ⊚ Lyrical Lemonade, Format=0
debug 2025/05/04 22:29:23 Found audio file: /Users/aidanalrawi/code/project_2/hako/studio.mp3
debug 2025/05/04 22:29:23 Reading metadata for file: /Users/aidanalrawi/code/project_2/hako/studio.mp3
debug 2025/05/04 22:29:23 Raw metadata - Title: , Album: , Artist: 
debug 2025/05/04 22:29:23 No title in metadata, using filename instead
debug 2025/05/04 22:29:23 Processed audio file: Title=/Users/aidanalrawi/code/project_2/hako/studio.mp3, Description= ⊚ , Format=0
debug 2025/05/04 22:29:23 Found audio file: /Users/aidanalrawi/code/project_2/hako/test.mp3
debug 2025/05/04 22:29:23 Reading metadata for file: /Users/aidanalrawi/code/project_2/hako/test.mp3
debug 2025/05/04 22:29:23 Raw metadata - Title: , Album: , Artist: 
debug 2025/05/04 22:29:23 No title in metadata, using filename instead
debug 2025/05/04 22:29:23 Processed audio file: Title=/Users/aidanalrawi/code/project_2/hako/test.mp3, Description= ⊚ , Format=0
debug 2025/05/04 22:29:23 Found 8 audio tracks in total
debug 2025/05/04 22:29:23 Initializing application model
debug 2025/05/04 22:29:23 Initializing audio key mapping
debug 2025/05/04 22:29:23 Initializing audio key mapping
debug 2025/05/04 22:29:23 Starting TUI application
debug 2025/05/04 22:29:23 Initializing tea model
debug 2025/05/04 22:29:23 Window resized to 231 x 24
debug 2025/05/04 22:29:38 Loading application configuration
debug 2025/05/04 22:29:38 Configuration loaded, directories to scan: [/Users/aidanalrawi/code/project_2/hako]
debug 2025/05/04 22:29:38 Scanning directories for audio files: [/Users/aidanalrawi/code/project_2/hako]
debug 2025/05/04 22:29:38 Found audio file: /Users/aidanalrawi/code/project_2/hako/Already_Rich.mp3
debug 2025/05/04 22:29:38 Reading metadata for file: /Users/aidanalrawi/code/project_2/hako/Already_Rich.mp3
debug 2025/05/04 22:29:38 Raw metadata - Title: Already Rich, Album: Already Rich, Artist: Yeat
debug 2025/05/04 22:29:38 Processed audio file: Title=Already Rich, Description=Already Rich ⊚ Yeat, Format=0
debug 2025/05/04 22:29:38 Found audio file: /Users/aidanalrawi/code/project_2/hako/Gët Busy [Official Music Video].mp3
debug 2025/05/04 22:29:38 Reading metadata for file: /Users/aidanalrawi/code/project_2/hako/Gët Busy [Official Music Video].mp3
debug 2025/05/04 22:29:38 Raw metadata - Title: Gët Busy [Official Music Video], Album: , Artist: Yeat Music
debug 2025/05/04 22:29:38 Processed audio file: Title=Gët Busy [Official Music Video], Description= ⊚ Yeat Music, Format=0
debug 2025/05/04 22:29:38 Found audio file: /Users/aidanalrawi/code/project_2/hako/On tha line [Official Music Video].mp3
debug 2025/05/04 22:29:38 Reading metadata for file: /Users/aidanalrawi/code/project_2/hako/On tha line [Official Music Video].mp3
debug 2025/05/04 22:29:38 Raw metadata - Title: On tha line [Official Music Video], Album: , Artist: Yeat Music
debug 2025/05/04 22:29:38 Processed audio file: Title=On tha line [Official Music Video], Description= ⊚ Yeat Music, Format=0
debug 2025/05/04 22:29:38 Found audio file: /Users/aidanalrawi/code/project_2/hako/Out thë way [Official Audio].mp3
debug 2025/05/04 22:29:38 Reading metadata for file: /Users/aidanalrawi/code/project_2/hako/Out thë way [Official Audio].mp3
debug 2025/05/04 22:29:38 Raw metadata - Title: Out thë way [Official Audio], Album: , Artist: Yeat Music
debug 2025/05/04 22:29:38 Processed audio file: Title=Out thë way [Official Audio], Description= ⊚ Yeat Music, Format=0
debug 2025/05/04 22:29:38 Found audio file: /Users/aidanalrawi/code/project_2/hako/Talk [Official Audio].mp3
debug 2025/05/04 22:29:38 Reading metadata for file: /Users/aidanalrawi/code/project_2/hako/Talk [Official Audio].mp3
debug 2025/05/04 22:29:38 Raw metadata - Title: Talk [Official Audio], Album: , Artist: Yeat Music
debug 2025/05/04 22:29:38 Processed audio file: Title=Talk [Official Audio], Description= ⊚ Yeat Music, Format=0
debug 2025/05/04 22:29:38 Found audio file: /Users/aidanalrawi/code/project_2/hako/Yeat - Poppin (Official Music Video).mp3
debug 2025/05/04 22:29:38 Reading metadata for file: /Users/aidanalrawi/code/project_2/hako/Yeat - Poppin (Official Music Video).mp3
debug 2025/05/04 22:29:38 Raw metadata - Title: Yeat - Poppin (Official Music Video), Album: , Artist: Lyrical Lemonade
debug 2025/05/04 22:29:38 Processed audio file: Title=Yeat - Poppin (Official Music Video), Description= ⊚ Lyrical Lemonade, Format=0
debug 2025/05/04 22:29:38 Found audio file: /Users/aidanalrawi/code/project_2/hako/studio.mp3
debug 2025/05/04 22:29:38 Reading metadata for file: /Users/aidanalrawi/code/project_2/hako/studio.mp3
debug 2025/05/04 22:29:38 Raw metadata - Title: , Album: , Artist: 
debug 2025/05/04 22:29:38 No title in metadata, using filename instead
debug 2025/05/04 22:29:38 Processed audio file: Title=/Users/aidanalrawi/code/project_2/hako/studio.mp3, Description= ⊚ , Format=0
debug 2025/05/04 22:29:38 Found audio file: /Users/aidanalrawi/code/project_2/hako/test.mp3
debug 2025/05/04 22:29:38 Reading metadata for file: /Users/aidanalrawi/code/project_2/hako/test.mp3
debug 2025/05/04 22:29:38 Raw metadata - Title: , Album: , Artist: 
debug 2025/05/04 22:29:38 No title in metadata, using filename instead
debug 2025/05/04 22:29:38 Processed audio file: Title=/Users/aidanalrawi/code/project_2/hako/test.mp3, Description= ⊚ , Format=0
debug 2025/05/04 22:29:38 Found 8 audio tracks in total
debug 2025/05/04 22:29:38 Initializing application model
debug 2025/05/04 22:29:38 Initializing audio key mapping
debug 2025/05/04 22:29:38 Initializing audio key mapping
debug 2025/05/04 22:29:38 Starting TUI application
debug 2025/05/04 22:29:38 Initializing tea model
debug 2025/05/04 22:29:38 Window resized to 231 x 63
debug 2025/05/04 22:29:41 Selected track index: 0
debug 2025/05/04 22:29:41 Playing track: Already Rich
debug 2025/05/04 22:29:41 Now playing: Already Rich
debug 2025/05/04 22:29:55 Adding bookmark
debug 2025/05/04 22:29:55 Added bookmark at position: 00:00:13 for track: /Users/aidanalrawi/code/project_2/hako/Already_Rich.mp3
debug 2025/05/04 22:29:55 Updated tabs: [00:00:13 <b>]
debug 2025/05/04 22:29:56 Adding bookmark
debug 2025/05/04 22:29:56 Added bookmark at position: 00:00:14 for track: /Users/aidanalrawi/code/project_2/hako/Already_Rich.mp3
debug 2025/05/04 22:29:56 Updated tabs: [00:00:13 00:00:14 <b>]
debug 2025/05/04 22:29:58 Adding bookmark
debug 2025/05/04 22:29:58 Added bookmark at position: 00:00:17 for track: /Users/aidanalrawi/code/project_2/hako/Already_Rich.mp3
debug 2025/05/04 22:29:58 Updated tabs: [00:00:13 00:00:14 00:00:17 <b>]
debug 2025/05/04 22:29:59 Adding bookmark
debug 2025/05/04 22:29:59 Added bookmark at position: 00:00:18 for track: /Users/aidanalrawi/code/project_2/hako/Already_Rich.mp3
debug 2025/05/04 22:29:59 Updated tabs: [00:00:13 00:00:14 00:00:17 00:00:18 <b>]
debug 2025/05/04 22:30:01 Adding bookmark
debug 2025/05/04 22:30:01 Added bookmark at position: 00:00:19 for track: /Users/aidanalrawi/code/project_2/hako/Already_Rich.mp3
debug 2025/05/04 22:30:01 Updated tabs: [00:00:13 00:00:14 00:00:17 00:00:18 00:00:19 <b>]
debug 2025/05/04 22:30:06 Selected track index: 3
debug 2025/05/04 22:30:06 Rewinding current track
debug 2025/05/04 22:30:06 Playing track: Out thë way [Official Audio]
debug 2025/05/04 22:30:06 Now playing: Out thë way [Official Audio]
debug 2025/05/04 22:30:09 Adding bookmark
debug 2025/05/04 22:30:09 Added bookmark at position: 00:00:03 for track: /Users/aidanalrawi/code/project_2/hako/Out thë way [Official Audio].mp3
debug 2025/05/04 22:30:09 Updated tabs: [00:00:03 <b>]
debug 2025/05/04 22:30:10 Adding bookmark
debug 2025/05/04 22:30:10 Added bookmark at position: 00:00:04 for track: /Users/aidanalrawi/code/project_2/hako/Out thë way [Official Audio].mp3
debug 2025/05/04 22:30:10 Updated tabs: [00:00:03 00:00:04 <b>]
debug 2025/05/04 22:30:11 Selected track index: 0
debug 2025/05/04 22:30:11 Rewinding current track
debug 2025/05/04 22:30:11 Playing track: Already Rich
debug 2025/05/04 22:30:11 Now playing: Already Rich
debug 2025/05/04 22:30:11 Updated tabs: [00:00:13 00:00:14 00:00:17 00:00:18 00:00:19 <b>]
debug 2025/05/04 22:30:16 Moving to next bookmark
debug 2025/05/04 22:30:16 Moving to bookmark: 00:00:17
debug 2025/05/04 22:30:16 Attempting to jump to bookmark: 00:00:17
debug 2025/05/04 22:30:16 Bookmark position in seconds: 17
debug 2025/05/04 22:30:16 Jumping to bookmark: 00:00:17 at fraction: 0.1168
debug 2025/05/04 22:30:17 Moving to next bookmark
debug 2025/05/04 22:30:17 Moving to bookmark: 00:00:18
debug 2025/05/04 22:30:17 Attempting to jump to bookmark: 00:00:18
debug 2025/05/04 22:30:17 Bookmark position in seconds: 18
debug 2025/05/04 22:30:17 Jumping to bookmark: 00:00:18 at fraction: 0.1236
debug 2025/05/04 22:30:18 Removing bookmark
debug 2025/05/04 22:30:18 Removing bookmark: 00:00:18 from track: /Users/aidanalrawi/code/project_2/hako/Already_Rich.mp3
debug 2025/05/04 22:30:18 Updated tabs: [00:00:13 00:00:14 00:00:17 00:00:19 <b>]
debug 2025/05/04 22:30:20 Moving to next bookmark
debug 2025/05/04 22:30:20 Moving to bookmark: 00:00:13
debug 2025/05/04 22:30:20 Attempting to jump to bookmark: 00:00:13
debug 2025/05/04 22:30:20 Bookmark position in seconds: 13
debug 2025/05/04 22:30:20 Jumping to bookmark: 00:00:13 at fraction: 0.0893
debug 2025/05/04 22:30:21 Moving to next bookmark
debug 2025/05/04 22:30:21 Moving to bookmark: 00:00:14
debug 2025/05/04 22:30:21 Attempting to jump to bookmark: 00:00:14
debug 2025/05/04 22:30:21 Bookmark position in seconds: 14
debug 2025/05/04 22:30:21 Jumping to bookmark: 00:00:14 at fraction: 0.0961
debug 2025/05/04 22:30:22 Removing bookmark
debug 2025/05/04 22:30:22 Removing bookmark: 00:00:14 from track: /Users/aidanalrawi/code/project_2/hako/Already_Rich.mp3
debug 2025/05/04 22:30:22 Updated tabs: [00:00:13 00:00:17 00:00:19 <b>]
debug 2025/05/04 22:30:23 Removing bookmark
debug 2025/05/04 22:30:23 Removing bookmark: 00:00:17 from track: /Users/aidanalrawi/code/project_2/hako/Already_Rich.mp3
debug 2025/05/04 22:30:23 Updated tabs: [00:00:13 00:00:19 <b>]
debug 2025/05/04 22:30:25 Removing bookmark
debug 2025/05/04 22:30:25 Removing bookmark: 00:00:19 from track: /Users/aidanalrawi/code/project_2/hako/Already_Rich.mp3
debug 2025/05/04 22:30:25 Updated tabs: [00:00:13 <b>]
debug 2025/05/04 22:30:28 Selected track index: 3
debug 2025/05/04 22:30:28 Rewinding current track
debug 2025/05/04 22:30:28 Playing track: Out thë way [Official Audio]
debug 2025/05/04 22:30:28 Now playing: Out thë way [Official Audio]
debug 2025/05/04 22:30:28 Updated tabs: [00:00:03 00:00:04 <b>]
debug 2025/05/04 22:30:30 Moving to next bookmark
debug 2025/05/04 22:30:30 Moving to bookmark: 00:00:04
debug 2025/05/04 22:30:30 Attempting to jump to bookmark: 00:00:04
debug 2025/05/04 22:30:30 Bookmark position in seconds: 4
debug 2025/05/04 22:30:30 Jumping to bookmark: 00:00:04 at fraction: 0.0266
debug 2025/05/04 22:30:42 Quit requested
debug 2025/05/04 22:30:42 Closed audio player
debug 2025/05/04 22:30:42 Saved bookmarks and exiting application
debug 2025/05/04 22:30:42 Application shutting down, cleaning up resources
debug 2025/05/04 22:30:42 Audio player application terminated
debug 2025/05/04 22:32:48 Loading application configuration
debug 2025/05/04 22:32:48 Configuration loaded, directories to scan: [/Users/aidanalrawi/code/project_2/hako]
debug 2025/05/04 22:32:48 Scanning directories for audio files: [/Users/aidanalrawi/code/project_2/hako]
debug 2025/05/04 22:32:48 Found audio file: /Users/aidanalrawi/code/project_2/hako/Already_Rich.mp3
debug 2025/05/04 22:32:48 Reading metadata for file: /Users/aidanalrawi/code/project_2/hako/Already_Rich.mp3
debug 2025/05/04 22:32:48 Processed audio file: Title=Already Rich, Description=Already Rich ⊚ Yeat, Format=0
debug 2025/05/04 22:32:48 Found audio file: /Users/aidanalrawi/code/project_2/hako/Gët Busy [Official Music Video].mp3
debug 2025/05/04 22:32:48 Reading metadata for file: /Users/aidanalrawi/code/project_2/hako/Gët Busy [Official Music Video].mp3
debug 2025/05/04 22:32:48 Processed audio file: Title=Gët Busy [Official Music Video], Description= ⊚ Yeat Music, Format=0
debug 2025/05/04 22:32:48 Found audio file: /Users/aidanalrawi/code/project_2/hako/On tha line [Official Music Video].mp3
debug 2025/05/04 22:32:48 Reading metadata for file: /Users/aidanalrawi/code/project_2/hako/On tha line [Official Music Video].mp3
debug 2025/05/04 22:32:48 Processed audio file: Title=On tha line [Official Music Video], Description= ⊚ Yeat Music, Format=0
debug 2025/05/04 22:32:48 Found audio file: /Users/aidanalrawi/code/project_2/hako/Out thë way [Official Audio].mp3
debug 2025/05/04 22:32:48 Reading metadata for file: /Users/aidanalrawi/code/project_2/hako/Out thë way [Official Audio].mp3
debug 2025/05/04 22:32:48 Processed audio file: Title=Out thë way [Official Audio], Description= ⊚ Yeat Music, Format=0
debug 2025/05/04 22:32:48 Found audio file: /Users/aidanalrawi/code/project_2/hako/Talk [Official Audio].mp3
debug 2025/05/04 22:32:48 Reading metadata for file: /Users/aidanalrawi/code/project_2/hako/Talk [Official Audio].mp3
debug 2025/05/04 22:32:48 Processed audio file: Title=Talk [Official Audio], Description= ⊚ Yeat Music, Format=0
debug 2025/05/04 22:32:48 Found audio file: /Users/aidanalrawi/code/project_2/hako/Yeat - Poppin (Official Music Video).mp3
debug 2025/05/04 22:32:48 Reading metadata for file: /Users/aidanalrawi/code/project_2/hako/Yeat - Poppin (Official Music Video).mp3
debug 2025/05/04 22:32:48 Processed audio file: Title=Yeat - Poppin (Official Music Video), Description= ⊚ Lyrical Lemonade, Format=0
debug 2025/05/04 22:32:48 Found audio file: /Users/aidanalrawi/code/project_2/hako/studio.mp3
debug 2025/05/04 22:32:48 Reading metadata for file: /Users/aidanalrawi/code/project_2/hako/studio.mp3
debug 2025/05/04 22:32:48 No title in metadata, using filename instead
debug 2025/05/04 22:32:48 Processed audio file: Title=/Users/aidanalrawi/code/project_2/hako/studio.mp3, Description= ⊚ , Format=0
debug 2025/05/04 22:32:48 Found audio file: /Users/aidanalrawi/code/project_2/hako/test.mp3
debug 2025/05/04 22:32:48 Reading metadata for file: /Users/aidanalrawi/code/project_2/hako/test.mp3
debug 2025/05/04 22:32:48 No title in metadata, using filename instead
debug 2025/05/04 22:32:48 Processed audio file: Title=/Users/aidanalrawi/code/project_2/hako/test.mp3, Description= ⊚ , Format=0
debug 2025/05/04 22:32:48 Found 8 audio tracks in total
debug 2025/05/04 22:32:48 Initializing application model
debug 2025/05/04 22:32:48 Initializing audio key mapping
debug 2025/05/04 22:32:48 Initializing audio key mapping
debug 2025/05/04 22:32:48 Starting TUI application
debug 2025/05/04 22:32:48 Initializing tea model
debug 2025/05/04 22:32:48 Window resized to 231 x 63
debug 2025/05/04 22:32:57 Quit requested
debug 2025/05/04 22:32:57 Saved bookmarks and exiting application
debug 2025/05/04 22:32:57 Application shutting down, cleaning up resources
debug 2025/05/04 22:32:57 Audio player application terminated
debug 2025/05/04 22:33:22 Loading application configuration
debug 2025/05/04 22:33:22 Configuration loaded, directories to scan: [/Users/aidanalrawi/code/project_2/hako]
debug 2025/05/04 22:33:22 Scanning directories for audio files: [/Users/aidanalrawi/code/project_2/hako]
debug 2025/05/04 22:33:22 Found audio file: /Users/aidanalrawi/code/project_2/hako/Already_Rich.mp3
debug 2025/05/04 22:33:22 Reading metadata for file: /Users/aidanalrawi/code/project_2/hako/Already_Rich.mp3
debug 2025/05/04 22:33:22 Processed audio file: Title=Already Rich, Description=Already Rich ⊚ Yeat, Format=0
debug 2025/05/04 22:33:22 Found audio file: /Users/aidanalrawi/code/project_2/hako/Gët Busy [Official Music Video].mp3
debug 2025/05/04 22:33:22 Reading metadata for file: /Users/aidanalrawi/code/project_2/hako/Gët Busy [Official Music Video].mp3
debug 2025/05/04 22:33:22 Processed audio file: Title=Gët Busy [Official Music Video], Description= ⊚ Yeat Music, Format=0
debug 2025/05/04 22:33:22 Found audio file: /Users/aidanalrawi/code/project_2/hako/On tha line [Official Music Video].mp3
debug 2025/05/04 22:33:22 Reading metadata for file: /Users/aidanalrawi/code/project_2/hako/On tha line [Official Music Video].mp3
debug 2025/05/04 22:33:22 Processed audio file: Title=On tha line [Official Music Video], Description= ⊚ Yeat Music, Format=0
debug 2025/05/04 22:33:22 Found audio file: /Users/aidanalrawi/code/project_2/hako/Out thë way [Official Audio].mp3
debug 2025/05/04 22:33:22 Reading metadata for file: /Users/aidanalrawi/code/project_2/hako/Out thë way [Official Audio].mp3
debug 2025/05/04 22:33:22 Processed audio file: Title=Out thë way [Official Audio], Description= ⊚ Yeat Music, Format=0
debug 2025/05/04 22:33:22 Found audio file: /Users/aidanalrawi/code/project_2/hako/Talk [Official Audio].mp3
debug 2025/05/04 22:33:22 Reading metadata for file: /Users/aidanalrawi/code/project_2/hako/Talk [Official Audio].mp3
debug 2025/05/04 22:33:22 Processed audio file: Title=Talk [Official Audio], Description= ⊚ Yeat Music, Format=0
debug 2025/05/04 22:33:22 Found audio file: /Users/aidanalrawi/code/project_2/hako/Yeat - Poppin (Official Music Video).mp3
debug 2025/05/04 22:33:22 Reading metadata for file: /Users/aidanalrawi/code/project_2/hako/Yeat - Poppin (Official Music Video).mp3
debug 2025/05/04 22:33:22 Processed audio file: Title=Yeat - Poppin (Official Music Video), Description= ⊚ Lyrical Lemonade, Format=0
debug 2025/05/04 22:33:22 Found audio file: /Users/aidanalrawi/code/project_2/hako/studio.mp3
debug 2025/05/04 22:33:22 Reading metadata for file: /Users/aidanalrawi/code/project_2/hako/studio.mp3
debug 2025/05/04 22:33:22 No title in metadata, using filename instead
debug 2025/05/04 22:33:22 Processed audio file: Title=/Users/aidanalrawi/code/project_2/hako/studio.mp3, Description= ⊚ , Format=0
debug 2025/05/04 22:33:22 Found audio file: /Users/aidanalrawi/code/project_2/hako/test.mp3
debug 2025/05/04 22:33:22 Reading metadata for file: /Users/aidanalrawi/code/project_2/hako/test.mp3
debug 2025/05/04 22:33:22 No title in metadata, using filename instead
debug 2025/05/04 22:33:22 Processed audio file: Title=/Users/aidanalrawi/code/project_2/hako/test.mp3, Description= ⊚ , Format=0
debug 2025/05/04 22:33:22 Found 8 audio tracks in total
debug 2025/05/04 22:33:22 Initializing application model
debug 2025/05/04 22:33:22 Initializing audio key mapping
debug 2025/05/04 22:33:22 Initializing audio key mapping
debug 2025/05/04 22:33:22 Starting TUI application
debug 2025/05/04 22:33:22 Initializing tea model
debug 2025/05/04 22:33:22 Window resized to 231 x 63
debug 2025/05/04 22:33:35 Quit requested
debug 2025/05/04 22:33:35 Saved bookmarks and exiting application
debug 2025/05/04 22:33:35 Application shutting down, cleaning up resources
debug 2025/05/04 22:33:35 Audio player application terminated
debug 2025/05/04 22:35:27 Loading application configuration
debug 2025/05/04 22:35:27 Configuration loaded, directories to scan: [/Users/aidanalrawi/code/project_2/hako]
debug 2025/05/04 22:35:27 Scanning directories for audio files: [/Users/aidanalrawi/code/project_2/hako]
debug 2025/05/04 22:35:27 Found audio file: /Users/aidanalrawi/code/project_2/hako/Already_Rich.mp3
debug 2025/05/04 22:35:27 Reading metadata for file: /Users/aidanalrawi/code/project_2/hako/Already_Rich.mp3
debug 2025/05/04 22:35:27 Processed audio file: Title=Already Rich, Description=* Already Rich ⊚ Yeat *, Format=0
debug 2025/05/04 22:35:27 Found audio file: /Users/aidanalrawi/code/project_2/hako/Gët Busy [Official Music Video].mp3
debug 2025/05/04 22:35:27 Reading metadata for file: /Users/aidanalrawi/code/project_2/hako/Gët Busy [Official Music Video].mp3
debug 2025/05/04 22:35:27 Processed audio file: Title=Gët Busy [Official Music Video], Description=* Unknown Album ⊚ Yeat Music *, Format=0
debug 2025/05/04 22:35:27 Found audio file: /Users/aidanalrawi/code/project_2/hako/On tha line [Official Music Video].mp3
debug 2025/05/04 22:35:27 Reading metadata for file: /Users/aidanalrawi/code/project_2/hako/On tha line [Official Music Video].mp3
debug 2025/05/04 22:35:27 Processed audio file: Title=On tha line [Official Music Video], Description=* Unknown Album ⊚ Yeat Music *, Format=0
debug 2025/05/04 22:35:27 Found audio file: /Users/aidanalrawi/code/project_2/hako/Out thë way [Official Audio].mp3
debug 2025/05/04 22:35:27 Reading metadata for file: /Users/aidanalrawi/code/project_2/hako/Out thë way [Official Audio].mp3
debug 2025/05/04 22:35:27 Processed audio file: Title=Out thë way [Official Audio], Description=* Unknown Album ⊚ Yeat Music *, Format=0
debug 2025/05/04 22:35:27 Found audio file: /Users/aidanalrawi/code/project_2/hako/Talk [Official Audio].mp3
debug 2025/05/04 22:35:27 Reading metadata for file: /Users/aidanalrawi/code/project_2/hako/Talk [Official Audio].mp3
debug 2025/05/04 22:35:27 Processed audio file: Title=Talk [Official Audio], Description=* Unknown Album ⊚ Yeat Music *, Format=0
debug 2025/05/04 22:35:27 Found audio file: /Users/aidanalrawi/code/project_2/hako/Yeat - Poppin (Official Music Video).mp3
debug 2025/05/04 22:35:27 Reading metadata for file: /Users/aidanalrawi/code/project_2/hako/Yeat - Poppin (Official Music Video).mp3
debug 2025/05/04 22:35:27 Processed audio file: Title=Yeat - Poppin (Official Music Video), Description=* Unknown Album ⊚ Lyrical Lemonade *, Format=0
debug 2025/05/04 22:35:27 Found audio file: /Users/aidanalrawi/code/project_2/hako/studio.mp3
debug 2025/05/04 22:35:27 Reading metadata for file: /Users/aidanalrawi/code/project_2/hako/studio.mp3
debug 2025/05/04 22:35:27 No title in metadata, using filename instead
debug 2025/05/04 22:35:27 Processed audio file: Title=/Users/aidanalrawi/code/project_2/hako/studio.mp3, Description=* Unknown Album ⊚ Unknown Artist *, Format=0
debug 2025/05/04 22:35:27 Found audio file: /Users/aidanalrawi/code/project_2/hako/test.mp3
debug 2025/05/04 22:35:27 Reading metadata for file: /Users/aidanalrawi/code/project_2/hako/test.mp3
debug 2025/05/04 22:35:27 No title in metadata, using filename instead
debug 2025/05/04 22:35:27 Processed audio file: Title=/Users/aidanalrawi/code/project_2/hako/test.mp3, Description=* Unknown Album ⊚ Unknown Artist *, Format=0
debug 2025/05/04 22:35:27 Found 8 audio tracks in total
debug 2025/05/04 22:35:27 Initializing application model
debug 2025/05/04 22:35:27 Initializing audio key mapping
debug 2025/05/04 22:35:27 Initializing audio key mapping
debug 2025/05/04 22:35:27 Starting TUI application
debug 2025/05/04 22:35:27 Initializing tea model
debug 2025/05/04 22:35:27 Window resized to 231 x 63
debug 2025/05/04 22:35:55 Quit requested
debug 2025/05/04 22:35:55 Saved bookmarks and exiting application
debug 2025/05/04 22:35:55 Application shutting down, cleaning up resources
debug 2025/05/04 22:35:55 Audio player application terminated
debug 2025/05/04 22:40:59 Quit requested
debug 2025/05/04 22:40:59 Saved bookmarks and exiting application
debug 2025/05/04 22:40:59 Application shutting down, cleaning up resources
debug 2025/05/04 22:40:59 Audio player application terminated
debug 2025/05/04 22:41:38 Loading application configuration
debug 2025/05/04 22:48:01 Loading application configuration
debug 2025/05/04 22:48:59 Loading application configuration
debug 2025/05/04 22:48:59 Configuration loaded, directories to scan: [/Users/aidanalrawi/code/project_2/hako]
debug 2025/05/04 22:48:59 Scanning directories for audio files: [/Users/aidanalrawi/code/project_2/hako]
debug 2025/05/04 22:48:59 Found audio file: /Users/aidanalrawi/code/project_2/hako/Already_Rich.mp3
debug 2025/05/04 22:48:59 Reading metadata for file: /Users/aidanalrawi/code/project_2/hako/Already_Rich.mp3
debug 2025/05/04 22:48:59 Processed audio file: Title=Already Rich, Description=* Already Rich ⊚ Yeat *, Format=0
debug 2025/05/04 22:48:59 Found audio file: /Users/aidanalrawi/code/project_2/hako/Gët Busy [Official Music Video].mp3
debug 2025/05/04 22:48:59 Reading metadata for file: /Users/aidanalrawi/code/project_2/hako/Gët Busy [Official Music Video].mp3
debug 2025/05/04 22:48:59 Processed audio file: Title=Gët Busy [Official Music Video], Description=* Unknown Album ⊚ Yeat Music *, Format=0
debug 2025/05/04 22:48:59 Found audio file: /Users/aidanalrawi/code/project_2/hako/On tha line [Official Music Video].mp3
debug 2025/05/04 22:48:59 Reading metadata for file: /Users/aidanalrawi/code/project_2/hako/On tha line [Official Music Video].mp3
debug 2025/05/04 22:48:59 Processed audio file: Title=On tha line [Official Music Video], Description=* Unknown Album ⊚ Yeat Music *, Format=0
debug 2025/05/04 22:48:59 Found audio file: /Users/aidanalrawi/code/project_2/hako/Out thë way [Official Audio].mp3
debug 2025/05/04 22:48:59 Reading metadata for file: /Users/aidanalrawi/code/project_2/hako/Out thë way [Official Audio].mp3
debug 2025/05/04 22:48:59 Processed audio file: Title=Out thë way [Official Audio], Description=* Unknown Album ⊚ Yeat Music *, Format=0
debug 2025/05/04 22:48:59 Found audio file: /Users/aidanalrawi/code/project_2/hako/Talk [Official Audio].mp3
debug 2025/05/04 22:48:59 Reading metadata for file: /Users/aidanalrawi/code/project_2/hako/Talk [Official Audio].mp3
debug 2025/05/04 22:48:59 Processed audio file: Title=Talk [Official Audio], Description=* Unknown Album ⊚ Yeat Music *, Format=0
debug 2025/05/04 22:48:59 Found audio file: /Users/aidanalrawi/code/project_2/hako/Yeat - Poppin (Official Music Video).mp3
debug 2025/05/04 22:48:59 Reading metadata for file: /Users/aidanalrawi/code/project_2/hako/Yeat - Poppin (Official Music Video).mp3
debug 2025/05/04 22:48:59 Processed audio file: Title=Yeat - Poppin (Official Music Video), Description=* Unknown Album ⊚ Lyrical Lemonade *, Format=0
debug 2025/05/04 22:48:59 Found audio file: /Users/aidanalrawi/code/project_2/hako/studio.mp3
debug 2025/05/04 22:48:59 Reading metadata for file: /Users/aidanalrawi/code/project_2/hako/studio.mp3
debug 2025/05/04 22:48:59 No title in metadata, using filename instead
debug 2025/05/04 22:48:59 Processed audio file: Title=/Users/aidanalrawi/code/project_2/hako/studio.mp3, Description=* Unknown Album ⊚ Unknown Artist *, Format=0
debug 2025/05/04 22:48:59 Found audio file: /Users/aidanalrawi/code/project_2/hako/test.mp3
debug 2025/05/04 22:48:59 Reading metadata for file: /Users/aidanalrawi/code/project_2/hako/test.mp3
debug 2025/05/04 22:48:59 No title in metadata, using filename instead
debug 2025/05/04 22:48:59 Processed audio file: Title=/Users/aidanalrawi/code/project_2/hako/test.mp3, Description=* Unknown Album ⊚ Unknown Artist *, Format=0
debug 2025/05/04 22:48:59 Found 8 audio tracks in total
debug 2025/05/04 22:48:59 Initializing application model
debug 2025/05/04 22:48:59 Initializing audio key mapping
debug 2025/05/04 22:48:59 Initializing audio key mapping
debug 2025/05/04 22:48:59 Starting TUI application
debug 2025/05/04 22:48:59 Initializing tea model
debug 2025/05/04 22:48:59 Window resized to 235 x 63
debug 2025/05/04 22:49:40 Quit requested
debug 2025/05/04 22:49:40 Saved bookmarks and exiting application
debug 2025/05/04 22:49:40 Application shutting down, cleaning up resources
debug 2025/05/04 22:49:40 Audio player application terminated
debug 2025/05/04 22:49:52 Loading application configuration
debug 2025/05/04 22:49:52 Configuration loaded, directories to scan: [/Users/aidanalrawi/code/project_2/hako]
debug 2025/05/04 22:49:52 Scanning directories for audio files: [/Users/aidanalrawi/code/project_2/hako]
debug 2025/05/04 22:49:52 Found audio file: /Users/aidanalrawi/code/project_2/hako/Already_Rich.mp3
debug 2025/05/04 22:49:52 Reading metadata for file: /Users/aidanalrawi/code/project_2/hako/Already_Rich.mp3
debug 2025/05/04 22:49:52 Processed audio file: Title=Already Rich, Description=* Already Rich ⊚ Yeat *, Format=0
debug 2025/05/04 22:49:52 Found audio file: /Users/aidanalrawi/code/project_2/hako/Gët Busy [Official Music Video].mp3
debug 2025/05/04 22:49:52 Reading metadata for file: /Users/aidanalrawi/code/project_2/hako/Gët Busy [Official Music Video].mp3
debug 2025/05/04 22:49:52 Processed audio file: Title=Gët Busy [Official Music Video], Description=* Unknown Album ⊚ Yeat Music *, Format=0
debug 2025/05/04 22:49:52 Found audio file: /Users/aidanalrawi/code/project_2/hako/On tha line [Official Music Video].mp3
debug 2025/05/04 22:49:52 Reading metadata for file: /Users/aidanalrawi/code/project_2/hako/On tha line [Official Music Video].mp3
debug 2025/05/04 22:49:52 Processed audio file: Title=On tha line [Official Music Video], Description=* Unknown Album ⊚ Yeat Music *, Format=0
debug 2025/05/04 22:49:52 Found audio file: /Users/aidanalrawi/code/project_2/hako/Out thë way [Official Audio].mp3
debug 2025/05/04 22:49:52 Reading metadata for file: /Users/aidanalrawi/code/project_2/hako/Out thë way [Official Audio].mp3
debug 2025/05/04 22:49:52 Processed audio file: Title=Out thë way [Official Audio], Description=* Unknown Album ⊚ Yeat Music *, Format=0
debug 2025/05/04 22:49:52 Found audio file: /Users/aidanalrawi/code/project_2/hako/Talk [Official Audio].mp3
debug 2025/05/04 22:49:52 Reading metadata for file: /Users/aidanalrawi/code/project_2/hako/Talk [Official Audio].mp3
debug 2025/05/04 22:49:52 Processed audio file: Title=Talk [Official Audio], Description=* Unknown Album ⊚ Yeat Music *, Format=0
debug 2025/05/04 22:49:52 Found audio file: /Users/aidanalrawi/code/project_2/hako/Yeat - Poppin (Official Music Video).mp3
debug 2025/05/04 22:49:52 Reading metadata for file: /Users/aidanalrawi/code/project_2/hako/Yeat - Poppin (Official Music Video).mp3
debug 2025/05/04 22:49:52 Processed audio file: Title=Yeat - Poppin (Official Music Video), Description=* Unknown Album ⊚ Lyrical Lemonade *, Format=0
debug 2025/05/04 22:49:52 Found audio file: /Users/aidanalrawi/code/project_2/hako/studio.mp3
debug 2025/05/04 22:49:52 Reading metadata for file: /Users/aidanalrawi/code/project_2/hako/studio.mp3
debug 2025/05/04 22:49:52 No title in metadata, using filename instead
debug 2025/05/04 22:49:52 Processed audio file: Title=/Users/aidanalrawi/code/project_2/hako/studio.mp3, Description=* Unknown Album ⊚ Unknown Artist *, Format=0
debug 2025/05/04 22:49:52 Found audio file: /Users/aidanalrawi/code/project_2/hako/test.mp3
debug 2025/05/04 22:49:52 Reading metadata for file: /Users/aidanalrawi/code/project_2/hako/test.mp3
debug 2025/05/04 22:49:52 No title in metadata, using filename instead
debug 2025/05/04 22:49:52 Processed audio file: Title=/Users/aidanalrawi/code/project_2/hako/test.mp3, Description=* Unknown Album ⊚ Unknown Artist *, Format=0
debug 2025/05/04 22:49:52 Found 8 audio tracks in total
debug 2025/05/04 22:49:52 Initializing application model
debug 2025/05/04 22:49:52 Initializing audio key mapping
debug 2025/05/04 22:49:52 Initializing audio key mapping
debug 2025/05/04 22:49:52 Starting TUI application
debug 2025/05/04 22:49:52 Initializing tea model
debug 2025/05/04 22:49:52 Window resized to 235 x 63
debug 2025/05/04 22:49:57 Selected track index: 0
debug 2025/05/04 22:49:57 Playing track: Already Rich
debug 2025/05/04 22:49:57 Now playing: Already Rich
debug 2025/05/04 22:50:00 Seek forward requested, value: 1
debug 2025/05/04 22:50:00 Applying seek position: 1
debug 2025/05/04 22:50:00 Seek forward requested, value: 1
debug 2025/05/04 22:50:00 Applying seek position: 1
debug 2025/05/04 22:50:00 Seek forward requested, value: 1
debug 2025/05/04 22:50:01 Applying seek position: 1
debug 2025/05/04 22:50:01 Seek forward requested, value: 1
debug 2025/05/04 22:50:01 Applying seek position: 1
debug 2025/05/04 22:50:01 Seek forward requested, value: 1
debug 2025/05/04 22:50:01 Applying seek position: 1
debug 2025/05/04 22:50:01 Seek forward requested, value: 1
debug 2025/05/04 22:50:01 Applying seek position: 1
debug 2025/05/04 22:50:01 Seek forward requested, value: 1
debug 2025/05/04 22:50:01 Applying seek position: 1
debug 2025/05/04 22:50:01 Seek forward requested, value: 1
debug 2025/05/04 22:50:01 Applying seek position: 1
debug 2025/05/04 22:50:02 Seek forward requested, value: 1
debug 2025/05/04 22:50:02 Seek forward requested, value: 2
debug 2025/05/04 22:50:02 Seek forward requested, value: 3
debug 2025/05/04 22:50:02 Seek forward requested, value: 4
debug 2025/05/04 22:50:02 Seek forward requested, value: 5
debug 2025/05/04 22:50:02 Applying seek position: 5
debug 2025/05/04 22:50:03 Adding bookmark
debug 2025/05/04 22:50:03 Added bookmark at position: 00:00:18 for track: /Users/aidanalrawi/code/project_2/hako/Already_Rich.mp3
debug 2025/05/04 22:50:03 Updated tabs: [00:00:18 <b>]
debug 2025/05/04 22:50:05 Seek forward requested, value: 1
debug 2025/05/04 22:50:06 Applying seek position: 1
debug 2025/05/04 22:50:06 Seek forward requested, value: 1
debug 2025/05/04 22:50:06 Applying seek position: 1
debug 2025/05/04 22:50:06 Seek forward requested, value: 1
debug 2025/05/04 22:50:06 Applying seek position: 1
debug 2025/05/04 22:50:06 Seek forward requested, value: 1
debug 2025/05/04 22:50:06 Applying seek position: 1
debug 2025/05/04 22:50:06 Seek forward requested, value: 1
debug 2025/05/04 22:50:06 Applying seek position: 1
debug 2025/05/04 22:50:06 Adding bookmark
debug 2025/05/04 22:50:06 Added bookmark at position: 00:00:27 for track: /Users/aidanalrawi/code/project_2/hako/Already_Rich.mp3
debug 2025/05/04 22:50:06 Updated tabs: [00:00:18 00:00:27 <b>]
debug 2025/05/04 22:50:10 Moving to previous bookmark
debug 2025/05/04 22:50:10 Moving to bookmark: 00:00:18
debug 2025/05/04 22:50:10 Attempting to jump to bookmark: 00:00:18
debug 2025/05/04 22:50:10 Bookmark position in seconds: 18
debug 2025/05/04 22:50:10 Jumping to bookmark: 00:00:18 at fraction: 0.1236
debug 2025/05/04 22:50:11 Moving to next bookmark
debug 2025/05/04 22:50:11 Moving to bookmark: 00:00:27
debug 2025/05/04 22:50:11 Attempting to jump to bookmark: 00:00:27
debug 2025/05/04 22:50:11 Bookmark position in seconds: 27
debug 2025/05/04 22:50:11 Jumping to bookmark: 00:00:27 at fraction: 0.1854
debug 2025/05/04 22:50:12 Moving to previous bookmark
debug 2025/05/04 22:50:12 Moving to bookmark: 00:00:18
debug 2025/05/04 22:50:12 Attempting to jump to bookmark: 00:00:18
debug 2025/05/04 22:50:12 Bookmark position in seconds: 18
debug 2025/05/04 22:50:12 Jumping to bookmark: 00:00:18 at fraction: 0.1236
debug 2025/05/04 22:50:15 Selected track index: 0
debug 2025/05/04 22:50:15 Rewinding current track
debug 2025/05/04 22:50:15 Playing track: Already Rich
debug 2025/05/04 22:50:15 Now playing: Already Rich
debug 2025/05/04 22:50:15 Updated tabs: [00:00:18 00:00:27 <b>]
debug 2025/05/04 22:50:18 Toggling pause state
debug 2025/05/04 22:50:25 Quit requested
debug 2025/05/04 22:50:25 Closed audio player
debug 2025/05/04 22:50:25 Saved bookmarks and exiting application
debug 2025/05/04 22:50:25 Application shutting down, cleaning up resources
debug 2025/05/04 22:50:25 Audio player application terminated
debug 2025/05/04 22:50:27 Loading application configuration
debug 2025/05/04 22:50:27 Configuration loaded, directories to scan: [/Users/aidanalrawi/code/project_2/hako]
debug 2025/05/04 22:50:27 Scanning directories for audio files: [/Users/aidanalrawi/code/project_2/hako]
debug 2025/05/04 22:50:27 Found audio file: /Users/aidanalrawi/code/project_2/hako/Already_Rich.mp3
debug 2025/05/04 22:50:27 Reading metadata for file: /Users/aidanalrawi/code/project_2/hako/Already_Rich.mp3
debug 2025/05/04 22:50:27 Processed audio file: Title=Already Rich, Description=* Already Rich ⊚ Yeat *, Format=0
debug 2025/05/04 22:50:27 Found audio file: /Users/aidanalrawi/code/project_2/hako/Gët Busy [Official Music Video].mp3
debug 2025/05/04 22:50:27 Reading metadata for file: /Users/aidanalrawi/code/project_2/hako/Gët Busy [Official Music Video].mp3
debug 2025/05/04 22:50:27 Processed audio file: Title=Gët Busy [Official Music Video], Description=* Unknown Album ⊚ Yeat Music *, Format=0
debug 2025/05/04 22:50:27 Found audio file: /Users/aidanalrawi/code/project_2/hako/On tha line [Official Music Video].mp3
debug 2025/05/04 22:50:27 Reading metadata for file: /Users/aidanalrawi/code/project_2/hako/On tha line [Official Music Video].mp3
debug 2025/05/04 22:50:27 Processed audio file: Title=On tha line [Official Music Video], Description=* Unknown Album ⊚ Yeat Music *, Format=0
debug 2025/05/04 22:50:27 Found audio file: /Users/aidanalrawi/code/project_2/hako/Out thë way [Official Audio].mp3
debug 2025/05/04 22:50:27 Reading metadata for file: /Users/aidanalrawi/code/project_2/hako/Out thë way [Official Audio].mp3
debug 2025/05/04 22:50:27 Processed audio file: Title=Out thë way [Official Audio], Description=* Unknown Album ⊚ Yeat Music *, Format=0
debug 2025/05/04 22:50:27 Found audio file: /Users/aidanalrawi/code/project_2/hako/Talk [Official Audio].mp3
debug 2025/05/04 22:50:27 Reading metadata for file: /Users/aidanalrawi/code/project_2/hako/Talk [Official Audio].mp3
debug 2025/05/04 22:50:27 Processed audio file: Title=Talk [Official Audio], Description=* Unknown Album ⊚ Yeat Music *, Format=0
debug 2025/05/04 22:50:27 Found audio file: /Users/aidanalrawi/code/project_2/hako/Yeat - Poppin (Official Music Video).mp3
debug 2025/05/04 22:50:27 Reading metadata for file: /Users/aidanalrawi/code/project_2/hako/Yeat - Poppin (Official Music Video).mp3
debug 2025/05/04 22:50:27 Processed audio file: Title=Yeat - Poppin (Official Music Video), Description=* Unknown Album ⊚ Lyrical Lemonade *, Format=0
debug 2025/05/04 22:50:27 Found audio file: /Users/aidanalrawi/code/project_2/hako/studio.mp3
debug 2025/05/04 22:50:27 Reading metadata for file: /Users/aidanalrawi/code/project_2/hako/studio.mp3
debug 2025/05/04 22:50:27 No title in metadata, using filename instead
debug 2025/05/04 22:50:27 Processed audio file: Title=/Users/aidanalrawi/code/project_2/hako/studio.mp3, Description=* Unknown Album ⊚ Unknown Artist *, Format=0
debug 2025/05/04 22:50:27 Found audio file: /Users/aidanalrawi/code/project_2/hako/test.mp3
debug 2025/05/04 22:50:27 Reading metadata for file: /Users/aidanalrawi/code/project_2/hako/test.mp3
debug 2025/05/04 22:50:27 No title in metadata, using filename instead
debug 2025/05/04 22:50:27 Processed audio file: Title=/Users/aidanalrawi/code/project_2/hako/test.mp3, Description=* Unknown Album ⊚ Unknown Artist *, Format=0
debug 2025/05/04 22:50:27 Found 8 audio tracks in total
debug 2025/05/04 22:50:27 Initializing application model
debug 2025/05/04 22:50:27 Initializing audio key mapping
debug 2025/05/04 22:50:27 Initializing audio key mapping
debug 2025/05/04 22:50:27 Starting TUI application
debug 2025/05/04 22:50:27 Initializing tea model
debug 2025/05/04 22:50:27 Window resized to 235 x 63
debug 2025/05/04 22:50:32 Selected track index: 0
debug 2025/05/04 22:50:32 Playing track: Already Rich
debug 2025/05/04 22:50:32 Now playing: Already Rich
debug 2025/05/04 22:50:32 Updated tabs: [00:00:18 00:00:27 <b>]
debug 2025/05/04 22:50:36 Moving to next bookmark
debug 2025/05/04 22:50:36 Moving to bookmark: 00:00:27
debug 2025/05/04 22:50:36 Attempting to jump to bookmark: 00:00:27
debug 2025/05/04 22:50:36 Bookmark position in seconds: 27
debug 2025/05/04 22:50:36 Jumping to bookmark: 00:00:27 at fraction: 0.1854
debug 2025/05/04 22:50:38 Adding bookmark
debug 2025/05/04 22:50:38 Added bookmark at position: 00:00:28 for track: /Users/aidanalrawi/code/project_2/hako/Already_Rich.mp3
debug 2025/05/04 22:50:38 Updated tabs: [00:00:18 00:00:27 00:00:28 <b>]
debug 2025/05/04 22:50:45 Toggling pause state
debug 2025/05/04 22:50:54 Quit requested
debug 2025/05/04 22:50:54 Closed audio player
debug 2025/05/04 22:50:54 Saved bookmarks and exiting application
debug 2025/05/04 22:50:55 Application shutting down, cleaning up resources
debug 2025/05/04 22:50:55 Audio player application terminated
debug 2025/05/04 22:57:39 Loading application configuration
debug 2025/05/04 22:57:39 Configuration loaded, directories to scan: [/Users/aidanalrawi/code/project_2/hako]
debug 2025/05/04 22:57:39 Scanning directories for audio files: [/Users/aidanalrawi/code/project_2/hako]
debug 2025/05/04 22:57:39 Found audio file: /Users/aidanalrawi/code/project_2/hako/Already_Rich.mp3
debug 2025/05/04 22:57:39 Reading metadata for file: /Users/aidanalrawi/code/project_2/hako/Already_Rich.mp3
debug 2025/05/04 22:57:39 Processed audio file: Title=Already Rich, Description=* Already Rich ⊚ Yeat *, Format=0
debug 2025/05/04 22:57:39 Found audio file: /Users/aidanalrawi/code/project_2/hako/Gët Busy [Official Music Video].mp3
debug 2025/05/04 22:57:39 Reading metadata for file: /Users/aidanalrawi/code/project_2/hako/Gët Busy [Official Music Video].mp3
debug 2025/05/04 22:57:39 Processed audio file: Title=Gët Busy [Official Music Video], Description=* Unknown Album ⊚ Yeat Music *, Format=0
debug 2025/05/04 22:57:39 Found audio file: /Users/aidanalrawi/code/project_2/hako/On tha line [Official Music Video].mp3
debug 2025/05/04 22:57:39 Reading metadata for file: /Users/aidanalrawi/code/project_2/hako/On tha line [Official Music Video].mp3
debug 2025/05/04 22:57:39 Processed audio file: Title=On tha line [Official Music Video], Description=* Unknown Album ⊚ Yeat Music *, Format=0
debug 2025/05/04 22:57:39 Found audio file: /Users/aidanalrawi/code/project_2/hako/Out thë way [Official Audio].mp3
debug 2025/05/04 22:57:39 Reading metadata for file: /Users/aidanalrawi/code/project_2/hako/Out thë way [Official Audio].mp3
debug 2025/05/04 22:57:39 Processed audio file: Title=Out thë way [Official Audio], Description=* Unknown Album ⊚ Yeat Music *, Format=0
debug 2025/05/04 22:57:39 Found audio file: /Users/aidanalrawi/code/project_2/hako/Talk [Official Audio].mp3
debug 2025/05/04 22:57:39 Reading metadata for file: /Users/aidanalrawi/code/project_2/hako/Talk [Official Audio].mp3
debug 2025/05/04 22:57:39 Processed audio file: Title=Talk [Official Audio], Description=* Unknown Album ⊚ Yeat Music *, Format=0
debug 2025/05/04 22:57:39 Found audio file: /Users/aidanalrawi/code/project_2/hako/Yeat - Poppin (Official Music Video).mp3
debug 2025/05/04 22:57:39 Reading metadata for file: /Users/aidanalrawi/code/project_2/hako/Yeat - Poppin (Official Music Video).mp3
debug 2025/05/04 22:57:39 Processed audio file: Title=Yeat - Poppin (Official Music Video), Description=* Unknown Album ⊚ Lyrical Lemonade *, Format=0
debug 2025/05/04 22:57:39 Found audio file: /Users/aidanalrawi/code/project_2/hako/studio.mp3
debug 2025/05/04 22:57:39 Reading metadata for file: /Users/aidanalrawi/code/project_2/hako/studio.mp3
debug 2025/05/04 22:57:39 No title in metadata, using filename instead
debug 2025/05/04 22:57:39 Processed audio file: Title=/Users/aidanalrawi/code/project_2/hako/studio.mp3, Description=* Unknown Album ⊚ Unknown Artist *, Format=0
debug 2025/05/04 22:57:39 Found audio file: /Users/aidanalrawi/code/project_2/hako/test.mp3
debug 2025/05/04 22:57:39 Reading metadata for file: /Users/aidanalrawi/code/project_2/hako/test.mp3
debug 2025/05/04 22:57:39 No title in metadata, using filename instead
debug 2025/05/04 22:57:39 Processed audio file: Title=/Users/aidanalrawi/code/project_2/hako/test.mp3, Description=* Unknown Album ⊚ Unknown Artist *, Format=0
debug 2025/05/04 22:57:39 Found 8 audio tracks in total
debug 2025/05/04 22:57:39 Initializing application model
debug 2025/05/04 22:57:39 Initializing audio key mapping
debug 2025/05/04 22:57:39 Initializing audio key mapping
debug 2025/05/04 22:57:39 Starting TUI application
debug 2025/05/04 22:57:39 Initializing tea model
debug 2025/05/04 22:57:39 Window resized to 76 x 64
debug 2025/05/04 22:57:40 Quit requested
debug 2025/05/04 22:57:40 Saved bookmarks and exiting application
debug 2025/05/04 22:57:40 Application shutting down, cleaning up resources
debug 2025/05/04 22:57:40 Audio player application terminated
debug 2025/05/04 23:10:01 Loading application configuration
debug 2025/05/04 23:10:01 Configuration loaded, directories to scan: [/Users/aidanalrawi/code/project_2/hako]
debug 2025/05/04 23:10:01 Scanning directories for audio files: [/Users/aidanalrawi/code/project_2/hako]
debug 2025/05/04 23:10:01 Found audio file: /Users/aidanalrawi/code/project_2/hako/Already_Rich.mp3
debug 2025/05/04 23:10:01 Reading metadata for file: /Users/aidanalrawi/code/project_2/hako/Already_Rich.mp3
debug 2025/05/04 23:10:01 Processed audio file: Title=Already Rich, Description=* Already Rich ⊚ Yeat *, Format=0
debug 2025/05/04 23:10:01 Found audio file: /Users/aidanalrawi/code/project_2/hako/Gët Busy [Official Music Video].mp3
debug 2025/05/04 23:10:01 Reading metadata for file: /Users/aidanalrawi/code/project_2/hako/Gët Busy [Official Music Video].mp3
debug 2025/05/04 23:10:01 Processed audio file: Title=Gët Busy [Official Music Video], Description=* Unknown Album ⊚ Yeat Music *, Format=0
debug 2025/05/04 23:10:01 Found audio file: /Users/aidanalrawi/code/project_2/hako/On tha line [Official Music Video].mp3
debug 2025/05/04 23:10:01 Reading metadata for file: /Users/aidanalrawi/code/project_2/hako/On tha line [Official Music Video].mp3
debug 2025/05/04 23:10:01 Processed audio file: Title=On tha line [Official Music Video], Description=* Unknown Album ⊚ Yeat Music *, Format=0
debug 2025/05/04 23:10:01 Found audio file: /Users/aidanalrawi/code/project_2/hako/Out thë way [Official Audio].mp3
debug 2025/05/04 23:10:01 Reading metadata for file: /Users/aidanalrawi/code/project_2/hako/Out thë way [Official Audio].mp3
debug 2025/05/04 23:10:01 Processed audio file: Title=Out thë way [Official Audio], Description=* Unknown Album ⊚ Yeat Music *, Format=0
debug 2025/05/04 23:10:01 Found audio file: /Users/aidanalrawi/code/project_2/hako/Talk [Official Audio].mp3
debug 2025/05/04 23:10:01 Reading metadata for file: /Users/aidanalrawi/code/project_2/hako/Talk [Official Audio].mp3
debug 2025/05/04 23:10:01 Processed audio file: Title=Talk [Official Audio], Description=* Unknown Album ⊚ Yeat Music *, Format=0
debug 2025/05/04 23:10:01 Found audio file: /Users/aidanalrawi/code/project_2/hako/Yeat - Poppin (Official Music Video).mp3
debug 2025/05/04 23:10:01 Reading metadata for file: /Users/aidanalrawi/code/project_2/hako/Yeat - Poppin (Official Music Video).mp3
debug 2025/05/04 23:10:01 Processed audio file: Title=Yeat - Poppin (Official Music Video), Description=* Unknown Album ⊚ Lyrical Lemonade *, Format=0
debug 2025/05/04 23:10:01 Found audio file: /Users/aidanalrawi/code/project_2/hako/studio.mp3
debug 2025/05/04 23:10:01 Reading metadata for file: /Users/aidanalrawi/code/project_2/hako/studio.mp3
debug 2025/05/04 23:10:01 No title in metadata, using filename instead
debug 2025/05/04 23:10:01 Processed audio file: Title=/Users/aidanalrawi/code/project_2/hako/studio.mp3, Description=* Unknown Album ⊚ Unknown Artist *, Format=0
debug 2025/05/04 23:10:01 Found audio file: /Users/aidanalrawi/code/project_2/hako/test.mp3
debug 2025/05/04 23:10:01 Reading metadata for file: /Users/aidanalrawi/code/project_2/hako/test.mp3
debug 2025/05/04 23:10:01 No title in metadata, using filename instead
debug 2025/05/04 23:10:01 Processed audio file: Title=/Users/aidanalrawi/code/project_2/hako/test.mp3, Description=* Unknown Album ⊚ Unknown Artist *, Format=0
debug 2025/05/04 23:10:01 Found 8 audio tracks in total
debug 2025/05/04 23:10:01 Initializing application model
debug 2025/05/04 23:10:01 Initializing audio key mapping
debug 2025/05/04 23:10:01 Initializing audio key mapping
debug 2025/05/04 23:10:01 Starting TUI application
debug 2025/05/04 23:10:01 Initializing tea model
debug 2025/05/04 23:10:01 Window resized to 116 x 63
debug 2025/05/04 23:10:01 Selected track index: 0
debug 2025/05/04 23:10:01 Playing track: Already Rich
debug 2025/05/04 23:10:01 Now playing: Already Rich
debug 2025/05/04 23:10:01 Updated tabs: [00:00:18 00:00:27 00:00:28 <b>]
debug 2025/05/04 23:10:02 Tab pressed, active tab is now: 1
debug 2025/05/04 23:10:02 Selected bookmark tab: 00:00:27
debug 2025/05/04 23:10:02 Attempting to jump to bookmark: 00:00:27
debug 2025/05/04 23:10:02 Bookmark position in seconds: 27
debug 2025/05/04 23:10:02 Jumping to bookmark: 00:00:27 at fraction: 0.1854
debug 2025/05/04 23:10:03 Tab pressed, active tab is now: 2
debug 2025/05/04 23:10:03 Selected bookmark tab: 00:00:28
debug 2025/05/04 23:10:03 Attempting to jump to bookmark: 00:00:28
debug 2025/05/04 23:10:03 Bookmark position in seconds: 28
debug 2025/05/04 23:10:03 Jumping to bookmark: 00:00:28 at fraction: 0.1923
debug 2025/05/04 23:10:03 Tab pressed, active tab is now: 3
debug 2025/05/04 23:10:03 Add Bookmark tab selected
debug 2025/05/04 23:10:03 Added bookmark at position: 00:00:28 for track: /Users/aidanalrawi/code/project_2/hako/Already_Rich.mp3
debug 2025/05/04 23:10:03 Updated tabs: [00:00:18 00:00:27 00:00:28 00:00:28 <b>]
debug 2025/05/04 23:10:04 Tab pressed, active tab is now: 3
debug 2025/05/04 23:10:04 Selected bookmark tab: 00:00:28
debug 2025/05/04 23:10:04 Attempting to jump to bookmark: 00:00:28
debug 2025/05/04 23:10:04 Bookmark position in seconds: 28
debug 2025/05/04 23:10:04 Jumping to bookmark: 00:00:28 at fraction: 0.1923
debug 2025/05/04 23:10:04 Tab pressed, active tab is now: 4
debug 2025/05/04 23:10:04 Add Bookmark tab selected
debug 2025/05/04 23:10:04 Added bookmark at position: 00:00:28 for track: /Users/aidanalrawi/code/project_2/hako/Already_Rich.mp3
debug 2025/05/04 23:10:04 Updated tabs: [00:00:18 00:00:27 00:00:28 00:00:28 00:00:28 <b>]
debug 2025/05/04 23:10:05 Tab pressed, active tab is now: 3
debug 2025/05/04 23:10:05 Selected bookmark tab: 00:00:28
debug 2025/05/04 23:10:05 Attempting to jump to bookmark: 00:00:28
debug 2025/05/04 23:10:05 Bookmark position in seconds: 28
debug 2025/05/04 23:10:05 Jumping to bookmark: 00:00:28 at fraction: 0.1923
debug 2025/05/04 23:10:05 Tab pressed, active tab is now: 4
debug 2025/05/04 23:10:05 Selected bookmark tab: 00:00:28
debug 2025/05/04 23:10:05 Attempting to jump to bookmark: 00:00:28
debug 2025/05/04 23:10:05 Bookmark position in seconds: 28
debug 2025/05/04 23:10:05 Jumping to bookmark: 00:00:28 at fraction: 0.1923
debug 2025/05/04 23:10:05 Tab pressed, active tab is now: 5
debug 2025/05/04 23:10:05 Add Bookmark tab selected
debug 2025/05/04 23:10:05 Added bookmark at position: 00:00:28 for track: /Users/aidanalrawi/code/project_2/hako/Already_Rich.mp3
debug 2025/05/04 23:10:05 Updated tabs: [00:00:18 00:00:27 00:00:28 00:00:28 00:00:28 00:00:28 <b>]
debug 2025/05/04 23:10:05 Tab pressed, active tab is now: 3
debug 2025/05/04 23:10:05 Selected bookmark tab: 00:00:28
debug 2025/05/04 23:10:05 Attempting to jump to bookmark: 00:00:28
debug 2025/05/04 23:10:05 Bookmark position in seconds: 28
debug 2025/05/04 23:10:05 Jumping to bookmark: 00:00:28 at fraction: 0.1923
debug 2025/05/04 23:10:06 Tab pressed, active tab is now: 4
debug 2025/05/04 23:10:06 Selected bookmark tab: 00:00:28
debug 2025/05/04 23:10:06 Attempting to jump to bookmark: 00:00:28
debug 2025/05/04 23:10:06 Bookmark position in seconds: 28
debug 2025/05/04 23:10:06 Jumping to bookmark: 00:00:28 at fraction: 0.1923
debug 2025/05/04 23:10:06 Tab pressed, active tab is now: 5
debug 2025/05/04 23:10:06 Selected bookmark tab: 00:00:28
debug 2025/05/04 23:10:06 Attempting to jump to bookmark: 00:00:28
debug 2025/05/04 23:10:06 Bookmark position in seconds: 28
debug 2025/05/04 23:10:06 Jumping to bookmark: 00:00:28 at fraction: 0.1923
debug 2025/05/04 23:10:06 Tab pressed, active tab is now: 6
debug 2025/05/04 23:10:06 Add Bookmark tab selected
debug 2025/05/04 23:10:06 Added bookmark at position: 00:00:28 for track: /Users/aidanalrawi/code/project_2/hako/Already_Rich.mp3
debug 2025/05/04 23:10:06 Updated tabs: [00:00:18 00:00:27 00:00:28 00:00:28 00:00:28 00:00:28 00:00:28 <b>]
debug 2025/05/04 23:10:06 Tab pressed, active tab is now: 3
debug 2025/05/04 23:10:06 Selected bookmark tab: 00:00:28
debug 2025/05/04 23:10:06 Attempting to jump to bookmark: 00:00:28
debug 2025/05/04 23:10:06 Bookmark position in seconds: 28
debug 2025/05/04 23:10:06 Jumping to bookmark: 00:00:28 at fraction: 0.1923
debug 2025/05/04 23:10:06 Tab pressed, active tab is now: 4
debug 2025/05/04 23:10:06 Selected bookmark tab: 00:00:28
debug 2025/05/04 23:10:06 Attempting to jump to bookmark: 00:00:28
debug 2025/05/04 23:10:06 Bookmark position in seconds: 28
debug 2025/05/04 23:10:06 Jumping to bookmark: 00:00:28 at fraction: 0.1923
debug 2025/05/04 23:10:06 Tab pressed, active tab is now: 5
debug 2025/05/04 23:10:06 Selected bookmark tab: 00:00:28
debug 2025/05/04 23:10:06 Attempting to jump to bookmark: 00:00:28
debug 2025/05/04 23:10:06 Bookmark position in seconds: 28
debug 2025/05/04 23:10:06 Jumping to bookmark: 00:00:28 at fraction: 0.1923
debug 2025/05/04 23:10:06 Tab pressed, active tab is now: 6
debug 2025/05/04 23:10:06 Selected bookmark tab: 00:00:28
debug 2025/05/04 23:10:06 Attempting to jump to bookmark: 00:00:28
debug 2025/05/04 23:10:06 Bookmark position in seconds: 28
debug 2025/05/04 23:10:06 Jumping to bookmark: 00:00:28 at fraction: 0.1923
debug 2025/05/04 23:10:08 Tab pressed, active tab is now: 7
debug 2025/05/04 23:10:08 Add Bookmark tab selected
debug 2025/05/04 23:10:08 Added bookmark at position: 00:00:29 for track: /Users/aidanalrawi/code/project_2/hako/Already_Rich.mp3
debug 2025/05/04 23:10:08 Updated tabs: [00:00:18 00:00:27 00:00:28 00:00:28 00:00:28 00:00:28 00:00:28 00:00:29 <b>]
debug 2025/05/04 23:10:08 Tab pressed, active tab is now: 8
debug 2025/05/04 23:10:08 Add Bookmark tab selected
debug 2025/05/04 23:10:08 Added bookmark at position: 00:00:29 for track: /Users/aidanalrawi/code/project_2/hako/Already_Rich.mp3
debug 2025/05/04 23:10:08 Updated tabs: [00:00:18 00:00:27 00:00:28 00:00:28 00:00:28 00:00:28 00:00:28 00:00:29 00:00:29 <b>]
debug 2025/05/04 23:10:08 Tab pressed, active tab is now: 8
debug 2025/05/04 23:10:08 Selected bookmark tab: 00:00:29
debug 2025/05/04 23:10:08 Attempting to jump to bookmark: 00:00:29
debug 2025/05/04 23:10:08 Bookmark position in seconds: 29
debug 2025/05/04 23:10:08 Jumping to bookmark: 00:00:29 at fraction: 0.1992
debug 2025/05/04 23:10:09 Tab pressed, active tab is now: 9
debug 2025/05/04 23:10:09 Add Bookmark tab selected
debug 2025/05/04 23:10:09 Added bookmark at position: 00:00:29 for track: /Users/aidanalrawi/code/project_2/hako/Already_Rich.mp3
debug 2025/05/04 23:10:09 Updated tabs: [00:00:18 00:00:27 00:00:28 00:00:28 00:00:28 00:00:28 00:00:28 00:00:29 00:00:29 00:00:29 <b>]
debug 2025/05/04 23:10:10 Tab pressed, active tab is now: 8
debug 2025/05/04 23:10:10 Selected bookmark tab: 00:00:29
debug 2025/05/04 23:10:10 Attempting to jump to bookmark: 00:00:29
debug 2025/05/04 23:10:10 Bookmark position in seconds: 29
debug 2025/05/04 23:10:10 Jumping to bookmark: 00:00:29 at fraction: 0.1992
debug 2025/05/04 23:10:12 Tab pressed, active tab is now: 9
debug 2025/05/04 23:10:12 Selected bookmark tab: 00:00:29
debug 2025/05/04 23:10:12 Attempting to jump to bookmark: 00:00:29
debug 2025/05/04 23:10:12 Bookmark position in seconds: 29
debug 2025/05/04 23:10:12 Jumping to bookmark: 00:00:29 at fraction: 0.1992
debug 2025/05/04 23:10:13 Tab pressed, active tab is now: 10
debug 2025/05/04 23:10:13 Add Bookmark tab selected
debug 2025/05/04 23:10:13 Added bookmark at position: 00:00:30 for track: /Users/aidanalrawi/code/project_2/hako/Already_Rich.mp3
debug 2025/05/04 23:10:13 Updated tabs: [00:00:18 00:00:27 00:00:28 00:00:28 00:00:28 00:00:28 00:00:28 00:00:29 00:00:29 00:00:29 00:00:30 <b>]
debug 2025/05/04 23:10:15 Tab pressed, active tab is now: 11
debug 2025/05/04 23:10:15 Add Bookmark tab selected
debug 2025/05/04 23:10:15 Added bookmark at position: 00:00:32 for track: /Users/aidanalrawi/code/project_2/hako/Already_Rich.mp3
debug 2025/05/04 23:10:15 Updated tabs: [00:00:18 00:00:27 00:00:28 00:00:28 00:00:28 00:00:28 00:00:28 00:00:29 00:00:29 00:00:29 00:00:30 00:00:32 <b>]
debug 2025/05/04 23:10:16 Tab pressed, active tab is now: 12
debug 2025/05/04 23:10:16 Add Bookmark tab selected
debug 2025/05/04 23:10:16 Added bookmark at position: 00:00:33 for track: /Users/aidanalrawi/code/project_2/hako/Already_Rich.mp3
debug 2025/05/04 23:10:16 Updated tabs: [00:00:18 00:00:27 00:00:28 00:00:28 00:00:28 00:00:28 00:00:28 00:00:29 00:00:29 00:00:29 00:00:30 00:00:32 00:00:33 <b>]
debug 2025/05/04 23:10:18 Removing bookmark
debug 2025/05/04 23:10:18 Removing bookmark: 00:00:33 from track: /Users/aidanalrawi/code/project_2/hako/Already_Rich.mp3
debug 2025/05/04 23:10:18 Updated tabs: [00:00:18 00:00:27 00:00:28 00:00:28 00:00:28 00:00:28 00:00:28 00:00:29 00:00:29 00:00:29 00:00:30 00:00:32 <b>]
debug 2025/05/04 23:10:18 Removing bookmark
debug 2025/05/04 23:10:18 Removing bookmark: 00:00:32 from track: /Users/aidanalrawi/code/project_2/hako/Already_Rich.mp3
debug 2025/05/04 23:10:18 Updated tabs: [00:00:18 00:00:27 00:00:28 00:00:28 00:00:28 00:00:28 00:00:28 00:00:29 00:00:29 00:00:29 00:00:30 <b>]
debug 2025/05/04 23:10:18 Removing bookmark
debug 2025/05/04 23:10:18 Removing bookmark: 00:00:30 from track: /Users/aidanalrawi/code/project_2/hako/Already_Rich.mp3
debug 2025/05/04 23:10:18 Updated tabs: [00:00:18 00:00:27 00:00:28 00:00:28 00:00:28 00:00:28 00:00:28 00:00:29 00:00:29 00:00:29 <b>]
debug 2025/05/04 23:10:18 Removing bookmark
debug 2025/05/04 23:10:18 Removing bookmark: 00:00:29 from track: /Users/aidanalrawi/code/project_2/hako/Already_Rich.mp3
debug 2025/05/04 23:10:18 Updated tabs: [00:00:18 00:00:27 00:00:28 00:00:28 00:00:28 00:00:28 00:00:28 00:00:29 00:00:29 <b>]
debug 2025/05/04 23:10:18 Removing bookmark
debug 2025/05/04 23:10:18 Removing bookmark: 00:00:29 from track: /Users/aidanalrawi/code/project_2/hako/Already_Rich.mp3
debug 2025/05/04 23:10:18 Updated tabs: [00:00:18 00:00:27 00:00:28 00:00:28 00:00:28 00:00:28 00:00:28 00:00:29 <b>]
debug 2025/05/04 23:10:18 Removing bookmark
debug 2025/05/04 23:10:18 Removing bookmark: 00:00:29 from track: /Users/aidanalrawi/code/project_2/hako/Already_Rich.mp3
debug 2025/05/04 23:10:18 Updated tabs: [00:00:18 00:00:27 00:00:28 00:00:28 00:00:28 00:00:28 00:00:28 <b>]
debug 2025/05/04 23:10:19 Removing bookmark
debug 2025/05/04 23:10:19 Removing bookmark: 00:00:28 from track: /Users/aidanalrawi/code/project_2/hako/Already_Rich.mp3
debug 2025/05/04 23:10:19 Updated tabs: [00:00:18 00:00:27 00:00:28 00:00:28 00:00:28 00:00:28 <b>]
debug 2025/05/04 23:10:19 Removing bookmark
debug 2025/05/04 23:10:19 Removing bookmark: 00:00:28 from track: /Users/aidanalrawi/code/project_2/hako/Already_Rich.mp3
debug 2025/05/04 23:10:19 Updated tabs: [00:00:18 00:00:27 00:00:28 00:00:28 00:00:28 <b>]
debug 2025/05/04 23:10:19 Removing bookmark
debug 2025/05/04 23:10:19 Removing bookmark: 00:00:28 from track: /Users/aidanalrawi/code/project_2/hako/Already_Rich.mp3
debug 2025/05/04 23:10:19 Updated tabs: [00:00:18 00:00:27 00:00:28 00:00:28 <b>]
debug 2025/05/04 23:10:19 Removing bookmark
debug 2025/05/04 23:10:19 Removing bookmark: 00:00:28 from track: /Users/aidanalrawi/code/project_2/hako/Already_Rich.mp3
debug 2025/05/04 23:10:19 Updated tabs: [00:00:18 00:00:27 00:00:28 <b>]
debug 2025/05/04 23:10:20 Removing bookmark
debug 2025/05/04 23:10:20 Removing bookmark: 00:00:28 from track: /Users/aidanalrawi/code/project_2/hako/Already_Rich.mp3
debug 2025/05/04 23:10:20 Updated tabs: [00:00:18 00:00:27 <b>]
debug 2025/05/04 23:10:20 Removing bookmark
debug 2025/05/04 23:10:20 Removing bookmark: 00:00:27 from track: /Users/aidanalrawi/code/project_2/hako/Already_Rich.mp3
debug 2025/05/04 23:10:20 Updated tabs: [00:00:18 <b>]
debug 2025/05/04 23:10:21 Tab pressed, active tab is now: 1
debug 2025/05/04 23:10:21 Add Bookmark tab selected
debug 2025/05/04 23:10:21 Added bookmark at position: 00:00:37 for track: /Users/aidanalrawi/code/project_2/hako/Already_Rich.mp3
debug 2025/05/04 23:10:21 Updated tabs: [00:00:18 00:00:37 <b>]
debug 2025/05/04 23:10:21 Tab pressed, active tab is now: 2
debug 2025/05/04 23:10:21 Add Bookmark tab selected
debug 2025/05/04 23:10:21 Added bookmark at position: 00:00:38 for track: /Users/aidanalrawi/code/project_2/hako/Already_Rich.mp3
debug 2025/05/04 23:10:21 Updated tabs: [00:00:18 00:00:37 00:00:38 <b>]
debug 2025/05/04 23:10:24 Removing bookmark
debug 2025/05/04 23:10:24 Removing bookmark: 00:00:38 from track: /Users/aidanalrawi/code/project_2/hako/Already_Rich.mp3
debug 2025/05/04 23:10:24 Updated tabs: [00:00:18 00:00:37 <b>]
debug 2025/05/04 23:10:24 Removing bookmark
debug 2025/05/04 23:10:24 Removing bookmark: 00:00:37 from track: /Users/aidanalrawi/code/project_2/hako/Already_Rich.mp3
debug 2025/05/04 23:10:24 Updated tabs: [00:00:18 <b>]
debug 2025/05/04 23:10:26 Removing bookmark
debug 2025/05/04 23:10:26 Removing bookmark: 00:00:18 from track: /Users/aidanalrawi/code/project_2/hako/Already_Rich.mp3
debug 2025/05/04 23:10:26 Removing bookmark
debug 2025/05/04 23:10:26 Removing bookmark
debug 2025/05/04 23:10:27 Removing bookmark
debug 2025/05/04 23:10:30 Quit requested
debug 2025/05/04 23:10:30 Closed audio player
debug 2025/05/04 23:10:30 Saved bookmarks and exiting application
debug 2025/05/04 23:10:30 Application shutting down, cleaning up resources
debug 2025/05/04 23:10:30 Audio player application terminated
debug 2025/05/04 23:13:02 Loading application configuration
debug 2025/05/04 23:13:02 Configuration loaded, directories to scan: [/Users/aidanalrawi/code/project_2/hako]
debug 2025/05/04 23:13:02 Scanning directories for audio files: [/Users/aidanalrawi/code/project_2/hako]
debug 2025/05/04 23:13:02 Found audio file: /Users/aidanalrawi/code/project_2/hako/Already_Rich.mp3
debug 2025/05/04 23:13:02 Reading metadata for file: /Users/aidanalrawi/code/project_2/hako/Already_Rich.mp3
debug 2025/05/04 23:13:02 Processed audio file: Title=Already Rich, Description=* Already Rich ⊚ Yeat *, Format=0
debug 2025/05/04 23:13:02 Found audio file: /Users/aidanalrawi/code/project_2/hako/Gët Busy [Official Music Video].mp3
debug 2025/05/04 23:13:02 Reading metadata for file: /Users/aidanalrawi/code/project_2/hako/Gët Busy [Official Music Video].mp3
debug 2025/05/04 23:13:02 Processed audio file: Title=Gët Busy [Official Music Video], Description=* Unknown Album ⊚ Yeat Music *, Format=0
debug 2025/05/04 23:13:02 Found audio file: /Users/aidanalrawi/code/project_2/hako/On tha line [Official Music Video].mp3
debug 2025/05/04 23:13:02 Reading metadata for file: /Users/aidanalrawi/code/project_2/hako/On tha line [Official Music Video].mp3
debug 2025/05/04 23:13:02 Processed audio file: Title=On tha line [Official Music Video], Description=* Unknown Album ⊚ Yeat Music *, Format=0
debug 2025/05/04 23:13:02 Found audio file: /Users/aidanalrawi/code/project_2/hako/Out thë way [Official Audio].mp3
debug 2025/05/04 23:13:02 Reading metadata for file: /Users/aidanalrawi/code/project_2/hako/Out thë way [Official Audio].mp3
debug 2025/05/04 23:13:02 Processed audio file: Title=Out thë way [Official Audio], Description=* Unknown Album ⊚ Yeat Music *, Format=0
debug 2025/05/04 23:13:02 Found audio file: /Users/aidanalrawi/code/project_2/hako/Talk [Official Audio].mp3
debug 2025/05/04 23:13:02 Reading metadata for file: /Users/aidanalrawi/code/project_2/hako/Talk [Official Audio].mp3
debug 2025/05/04 23:13:02 Processed audio file: Title=Talk [Official Audio], Description=* Unknown Album ⊚ Yeat Music *, Format=0
debug 2025/05/04 23:13:02 Found audio file: /Users/aidanalrawi/code/project_2/hako/Yeat - Poppin (Official Music Video).mp3
debug 2025/05/04 23:13:02 Reading metadata for file: /Users/aidanalrawi/code/project_2/hako/Yeat - Poppin (Official Music Video).mp3
debug 2025/05/04 23:13:02 Processed audio file: Title=Yeat - Poppin (Official Music Video), Description=* Unknown Album ⊚ Lyrical Lemonade *, Format=0
debug 2025/05/04 23:13:02 Found audio file: /Users/aidanalrawi/code/project_2/hako/studio.mp3
debug 2025/05/04 23:13:02 Reading metadata for file: /Users/aidanalrawi/code/project_2/hako/studio.mp3
debug 2025/05/04 23:13:02 No title in metadata, using filename instead
debug 2025/05/04 23:13:02 Processed audio file: Title=/Users/aidanalrawi/code/project_2/hako/studio.mp3, Description=* Unknown Album ⊚ Unknown Artist *, Format=0
debug 2025/05/04 23:13:02 Found audio file: /Users/aidanalrawi/code/project_2/hako/test.mp3
debug 2025/05/04 23:13:02 Reading metadata for file: /Users/aidanalrawi/code/project_2/hako/test.mp3
debug 2025/05/04 23:13:02 No title in metadata, using filename instead
debug 2025/05/04 23:13:02 Processed audio file: Title=/Users/aidanalrawi/code/project_2/hako/test.mp3, Description=* Unknown Album ⊚ Unknown Artist *, Format=0
debug 2025/05/04 23:13:02 Found 8 audio tracks in total
debug 2025/05/04 23:13:02 Initializing application model
debug 2025/05/04 23:13:02 Initializing audio key mapping
debug 2025/05/04 23:13:02 Initializing audio key mapping
debug 2025/05/04 23:13:02 Starting TUI application
debug 2025/05/04 23:13:02 Initializing tea model
debug 2025/05/04 23:13:02 Window resized to 116 x 63
debug 2025/05/04 23:13:04 Selected track index: 0
debug 2025/05/04 23:13:04 Playing track: Already Rich
debug 2025/05/04 23:13:04 Now playing: Already Rich
debug 2025/05/04 23:13:05 Adding bookmark
debug 2025/05/04 23:13:05 Added bookmark at position: 00:00:01 for track: /Users/aidanalrawi/code/project_2/hako/Already_Rich.mp3
debug 2025/05/04 23:13:05 Updated tabs: [00:00:01 <b>]
debug 2025/05/04 23:13:06 Adding bookmark
debug 2025/05/04 23:13:06 Added bookmark at position: 00:00:02 for track: /Users/aidanalrawi/code/project_2/hako/Already_Rich.mp3
debug 2025/05/04 23:13:06 Updated tabs: [00:00:01 00:00:02 <b>]
debug 2025/05/04 23:13:09 Removing bookmark
debug 2025/05/04 23:13:09 Removing bookmark: 00:00:02 from track: /Users/aidanalrawi/code/project_2/hako/Already_Rich.mp3
debug 2025/05/04 23:13:09 Updated tabs: [00:00:01 <b>]
debug 2025/05/04 23:13:10 Removing bookmark
debug 2025/05/04 23:13:10 Removing bookmark: 00:00:01 from track: /Users/aidanalrawi/code/project_2/hako/Already_Rich.mp3
debug 2025/05/04 23:13:11 Removing bookmark
debug 2025/05/04 23:13:11 Removing bookmark
debug 2025/05/04 23:13:11 Removing bookmark
debug 2025/05/04 23:13:12 Removing bookmark
debug 2025/05/04 23:13:12 Adding bookmark
debug 2025/05/04 23:13:12 Added bookmark at position: 00:00:08 for track: /Users/aidanalrawi/code/project_2/hako/Already_Rich.mp3
debug 2025/05/04 23:13:12 Updated tabs: [00:00:08 <b>]
debug 2025/05/04 23:13:12 Adding bookmark
debug 2025/05/04 23:13:12 Added bookmark at position: 00:00:08 for track: /Users/aidanalrawi/code/project_2/hako/Already_Rich.mp3
debug 2025/05/04 23:13:12 Updated tabs: [00:00:08 00:00:08 <b>]
debug 2025/05/04 23:13:13 Adding bookmark
debug 2025/05/04 23:13:13 Added bookmark at position: 00:00:08 for track: /Users/aidanalrawi/code/project_2/hako/Already_Rich.mp3
debug 2025/05/04 23:13:13 Updated tabs: [00:00:08 00:00:08 00:00:08 <b>]
debug 2025/05/04 23:13:13 Adding bookmark
debug 2025/05/04 23:13:13 Added bookmark at position: 00:00:09 for track: /Users/aidanalrawi/code/project_2/hako/Already_Rich.mp3
debug 2025/05/04 23:13:13 Updated tabs: [00:00:08 00:00:08 00:00:08 00:00:09 <b>]
debug 2025/05/04 23:13:13 Adding bookmark
debug 2025/05/04 23:13:13 Added bookmark at position: 00:00:09 for track: /Users/aidanalrawi/code/project_2/hako/Already_Rich.mp3
debug 2025/05/04 23:13:13 Updated tabs: [00:00:08 00:00:08 00:00:08 00:00:09 00:00:09 <b>]
debug 2025/05/04 23:13:14 Removing bookmark
debug 2025/05/04 23:13:14 Removing bookmark: 00:00:09 from track: /Users/aidanalrawi/code/project_2/hako/Already_Rich.mp3
debug 2025/05/04 23:13:14 Updated tabs: [00:00:08 00:00:08 00:00:08 00:00:09 <b>]
debug 2025/05/04 23:13:15 Removing bookmark
debug 2025/05/04 23:13:15 Removing bookmark: 00:00:09 from track: /Users/aidanalrawi/code/project_2/hako/Already_Rich.mp3
debug 2025/05/04 23:13:15 Updated tabs: [00:00:08 00:00:08 00:00:08 <b>]
debug 2025/05/04 23:13:15 Removing bookmark
debug 2025/05/04 23:13:15 Removing bookmark: 00:00:08 from track: /Users/aidanalrawi/code/project_2/hako/Already_Rich.mp3
debug 2025/05/04 23:13:15 Updated tabs: [00:00:08 00:00:08 <b>]
debug 2025/05/04 23:13:15 Removing bookmark
debug 2025/05/04 23:13:15 Removing bookmark: 00:00:08 from track: /Users/aidanalrawi/code/project_2/hako/Already_Rich.mp3
debug 2025/05/04 23:13:15 Updated tabs: [00:00:08 <b>]
debug 2025/05/04 23:13:15 Removing bookmark
debug 2025/05/04 23:13:15 Removing bookmark: 00:00:08 from track: /Users/aidanalrawi/code/project_2/hako/Already_Rich.mp3
debug 2025/05/04 23:13:15 Removing bookmark
debug 2025/05/04 23:13:16 Removing bookmark
debug 2025/05/04 23:13:16 Moving to next bookmark
debug 2025/05/04 23:13:16 No bookmarks available for track: /Users/aidanalrawi/code/project_2/hako/Already_Rich.mp3
debug 2025/05/04 23:13:16 Moving to next bookmark
debug 2025/05/04 23:13:16 No bookmarks available for track: /Users/aidanalrawi/code/project_2/hako/Already_Rich.mp3
debug 2025/05/04 23:13:16 Moving to next bookmark
debug 2025/05/04 23:13:16 No bookmarks available for track: /Users/aidanalrawi/code/project_2/hako/Already_Rich.mp3
debug 2025/05/04 23:13:17 Selected track index: 0
debug 2025/05/04 23:13:17 Rewinding current track
debug 2025/05/04 23:13:17 Playing track: Already Rich
debug 2025/05/04 23:13:17 Now playing: Already Rich
debug 2025/05/04 23:13:20 Selected track index: 1
debug 2025/05/04 23:13:20 Rewinding current track
debug 2025/05/04 23:13:20 Playing track: Gët Busy [Official Music Video]
debug 2025/05/04 23:13:20 Now playing: Gët Busy [Official Music Video]
debug 2025/05/04 23:13:21 Selected track index: 2
debug 2025/05/04 23:13:21 Rewinding current track
debug 2025/05/04 23:13:21 Playing track: On tha line [Official Music Video]
debug 2025/05/04 23:13:21 Now playing: On tha line [Official Music Video]
debug 2025/05/04 23:13:21 Updated tabs: [00:00:01 00:00:03 <b>]
debug 2025/05/04 23:13:22 Moving to next bookmark
debug 2025/05/04 23:13:22 Moving to bookmark: 00:00:03
debug 2025/05/04 23:13:22 Attempting to jump to bookmark: 00:00:03
debug 2025/05/04 23:13:22 Bookmark position in seconds: 3
debug 2025/05/04 23:13:22 Jumping to bookmark: 00:00:03 at fraction: 0.0177
debug 2025/05/04 23:13:45 Toggling pause state
debug 2025/05/04 23:13:45 Toggling pause state
debug 2025/05/04 23:13:50 Toggling pause state
debug 2025/05/04 23:13:52 Quit requested
debug 2025/05/04 23:13:52 Closed audio player
debug 2025/05/04 23:13:52 Saved bookmarks and exiting application
debug 2025/05/04 23:13:52 Application shutting down, cleaning up resources
debug 2025/05/04 23:13:52 Audio player application terminated
debug 2025/05/05 12:21:26 Loading application configuration
debug 2025/05/05 12:21:26 Configuration loaded, directories to scan: [/Users/aidanalrawi/podcasts]
debug 2025/05/05 12:21:26 Scanning directories for audio files: [/Users/aidanalrawi/podcasts]
debug 2025/05/05 12:21:26 Found audio file: /Users/aidanalrawi/podcasts/Donald Trump Interview  Lex Fridman Podcast #442.mp3
debug 2025/05/05 12:21:26 Reading metadata for file: /Users/aidanalrawi/podcasts/Donald Trump Interview  Lex Fridman Podcast #442.mp3
debug 2025/05/05 12:21:26 Processed audio file: Title=Donald Trump Interview, Description=* Lex Fridman Podcast ⊚ Lex Fridman *, Format=0
debug 2025/05/05 12:21:26 Found audio file: /Users/aidanalrawi/podcasts/Mark Zuckerberg – Llama 4, DeepSeek, Trump, AI Friends, & Race to AGI.mp3
debug 2025/05/05 12:21:26 Reading metadata for file: /Users/aidanalrawi/podcasts/Mark Zuckerberg – Llama 4, DeepSeek, Trump, AI Friends, & Race to AGI.mp3
debug 2025/05/05 12:21:26 Processed audio file: Title=Mark Zuckerberg â Llama 4, DeepSeek, Trump, AI Friends, & Race to AGI, Description=* Dwarkesh Podcast ⊚ Dwarkesh Patel *, Format=0
debug 2025/05/05 12:21:26 Found audio file: /Users/aidanalrawi/podcasts/NVIDIA CEO Jensen Huang's Vision for Your Future.mp3
debug 2025/05/05 12:21:26 Reading metadata for file: /Users/aidanalrawi/podcasts/NVIDIA CEO Jensen Huang's Vision for Your Future.mp3
debug 2025/05/05 12:21:26 Processed audio file: Title=NVIDIA CEO Jensen Huang's Vision for Your Future, Description=* TED Talks ⊚ TED *, Format=0
debug 2025/05/05 12:21:26 Found audio file: /Users/aidanalrawi/podcasts/The mind behind Linux  Linus Torvalds  TED.mp3
debug 2025/05/05 12:21:26 Reading metadata for file: /Users/aidanalrawi/podcasts/The mind behind Linux  Linus Torvalds  TED.mp3
debug 2025/05/05 12:21:26 Processed audio file: Title=The mind behind Linux  Linus Torvalds  TED, Description=* TED Talks ⊚ TED *, Format=0
debug 2025/05/05 12:21:26 Found 4 audio tracks in total
debug 2025/05/05 12:21:26 Initializing application model
debug 2025/05/05 12:21:26 Initializing audio key mapping
debug 2025/05/05 12:21:26 Initializing audio key mapping
debug 2025/05/05 12:21:26 Starting TUI application
debug 2025/05/05 12:21:26 Initializing tea model
debug 2025/05/05 12:21:26 Window resized to 235 x 63
debug 2025/05/05 12:21:27 Selected track index: 0
debug 2025/05/05 12:21:27 Playing track: Donald Trump Interview
debug 2025/05/05 12:21:27 Now playing: Donald Trump Interview
debug 2025/05/05 12:21:27 Updated tabs: [00:00:00 00:00:06 00:00:22 00:00:22 00:00:22 00:00:22 <b>]
debug 2025/05/05 12:21:38 Quit requested
debug 2025/05/05 12:21:38 Closed audio player
debug 2025/05/05 12:21:38 Saved bookmarks and exiting application
debug 2025/05/05 12:21:38 Application shutting down, cleaning up resources
debug 2025/05/05 12:21:38 Audio player application terminated
debug 2025/05/05 12:28:18 Loading application configuration
debug 2025/05/05 12:28:18 Configuration loaded, directories to scan: [/Users/aidanalrawi/podcasts]
debug 2025/05/05 12:28:18 Scanning directories for audio files: [/Users/aidanalrawi/podcasts]
debug 2025/05/05 12:28:18 Found audio file: /Users/aidanalrawi/podcasts/Donald Trump Interview  Lex Fridman Podcast #442.mp3
debug 2025/05/05 12:28:18 Reading metadata for file: /Users/aidanalrawi/podcasts/Donald Trump Interview  Lex Fridman Podcast #442.mp3
debug 2025/05/05 12:28:18 Processed audio file: Title=Donald Trump Interview, Description=* Lex Fridman Podcast ⊚ Lex Fridman *, Format=0
debug 2025/05/05 12:28:18 Found audio file: /Users/aidanalrawi/podcasts/Mark Zuckerberg – Llama 4, DeepSeek, Trump, AI Friends, & Race to AGI.mp3
debug 2025/05/05 12:28:18 Reading metadata for file: /Users/aidanalrawi/podcasts/Mark Zuckerberg – Llama 4, DeepSeek, Trump, AI Friends, & Race to AGI.mp3
debug 2025/05/05 12:28:18 Processed audio file: Title=Mark Zuckerberg â Llama 4, DeepSeek, Trump, AI Friends, & Race to AGI, Description=* Dwarkesh Podcast ⊚ Dwarkesh Patel *, Format=0
debug 2025/05/05 12:28:18 Found audio file: /Users/aidanalrawi/podcasts/NVIDIA CEO Jensen Huang's Vision for Your Future.mp3
debug 2025/05/05 12:28:18 Reading metadata for file: /Users/aidanalrawi/podcasts/NVIDIA CEO Jensen Huang's Vision for Your Future.mp3
debug 2025/05/05 12:28:18 Processed audio file: Title=NVIDIA CEO Jensen Huang's Vision for Your Future, Description=* TED Talks ⊚ TED *, Format=0
debug 2025/05/05 12:28:18 Found audio file: /Users/aidanalrawi/podcasts/The mind behind Linux  Linus Torvalds  TED.mp3
debug 2025/05/05 12:28:18 Reading metadata for file: /Users/aidanalrawi/podcasts/The mind behind Linux  Linus Torvalds  TED.mp3
debug 2025/05/05 12:28:18 Processed audio file: Title=The mind behind Linux  Linus Torvalds  TED, Description=* TED Talks ⊚ TED *, Format=0
debug 2025/05/05 12:28:18 Found 4 audio tracks in total
debug 2025/05/05 12:28:18 Initializing application model
debug 2025/05/05 12:28:18 Initializing audio key mapping
debug 2025/05/05 12:28:18 Initializing audio key mapping
debug 2025/05/05 12:28:18 Starting TUI application
debug 2025/05/05 12:28:18 Initializing tea model
debug 2025/05/05 12:28:18 Window resized to 235 x 63
debug 2025/05/05 12:28:19 Selected track index: 2
debug 2025/05/05 12:28:19 Playing track: NVIDIA CEO Jensen Huang's Vision for Your Future
debug 2025/05/05 12:28:19 Now playing: NVIDIA CEO Jensen Huang's Vision for Your Future
debug 2025/05/05 12:28:25 Seek forward requested, value: 1
debug 2025/05/05 12:28:25 Applying seek position: 1
debug 2025/05/05 12:28:25 Seek forward requested, value: 1
debug 2025/05/05 12:28:25 Applying seek position: 1
debug 2025/05/05 12:28:25 Seek forward requested, value: 1
debug 2025/05/05 12:28:25 Applying seek position: 1
debug 2025/05/05 12:28:25 Seek forward requested, value: 1
debug 2025/05/05 12:28:25 Applying seek position: 1
debug 2025/05/05 12:28:26 Seek forward requested, value: 1
debug 2025/05/05 12:28:26 Applying seek position: 1
debug 2025/05/05 12:28:26 Seek forward requested, value: 1
debug 2025/05/05 12:28:26 Applying seek position: 1
debug 2025/05/05 12:28:28 Adding bookmark
debug 2025/05/05 12:28:28 Added bookmark at position: 00:00:14 for track: /Users/aidanalrawi/podcasts/NVIDIA CEO Jensen Huang's Vision for Your Future.mp3
debug 2025/05/05 12:28:28 Updated tabs: [00:00:14 <b>]
debug 2025/05/05 12:28:29 Quit requested
debug 2025/05/05 12:28:29 Closed audio player
debug 2025/05/05 12:28:29 Saved bookmarks and exiting application
debug 2025/05/05 12:28:29 Application shutting down, cleaning up resources
debug 2025/05/05 12:28:29 Audio player application terminated
debug 2025/05/05 12:44:32 Loading application configuration
debug 2025/05/05 12:44:32 Configuration loaded, directories to scan: [/Users/aidanalrawi/podcasts]
debug 2025/05/05 12:44:32 Scanning directories for audio files: [/Users/aidanalrawi/podcasts]
debug 2025/05/05 12:44:32 Found audio file: /Users/aidanalrawi/podcasts/Donald Trump Interview  Lex Fridman Podcast #442.mp3
debug 2025/05/05 12:44:32 Reading metadata for file: /Users/aidanalrawi/podcasts/Donald Trump Interview  Lex Fridman Podcast #442.mp3
debug 2025/05/05 12:44:32 Processed audio file: Title=Donald Trump Interview, Description=* Lex Fridman Podcast ⊚ Lex Fridman *, Format=0
debug 2025/05/05 12:44:32 Found audio file: /Users/aidanalrawi/podcasts/Mark Zuckerberg – Llama 4, DeepSeek, Trump, AI Friends, & Race to AGI.mp3
debug 2025/05/05 12:44:32 Reading metadata for file: /Users/aidanalrawi/podcasts/Mark Zuckerberg – Llama 4, DeepSeek, Trump, AI Friends, & Race to AGI.mp3
debug 2025/05/05 12:44:32 Processed audio file: Title=Mark Zuckerberg â Llama 4, DeepSeek, Trump, AI Friends, & Race to AGI, Description=* Dwarkesh Podcast ⊚ Dwarkesh Patel *, Format=0
debug 2025/05/05 12:44:32 Found audio file: /Users/aidanalrawi/podcasts/NVIDIA CEO Jensen Huang's Vision for Your Future.mp3
debug 2025/05/05 12:44:32 Reading metadata for file: /Users/aidanalrawi/podcasts/NVIDIA CEO Jensen Huang's Vision for Your Future.mp3
debug 2025/05/05 12:44:32 Processed audio file: Title=NVIDIA CEO Jensen Huang's Vision for Your Future, Description=* TED Talks ⊚ TED *, Format=0
debug 2025/05/05 12:44:32 Found audio file: /Users/aidanalrawi/podcasts/The mind behind Linux  Linus Torvalds  TED.mp3
debug 2025/05/05 12:44:32 Reading metadata for file: /Users/aidanalrawi/podcasts/The mind behind Linux  Linus Torvalds  TED.mp3
debug 2025/05/05 12:44:32 Processed audio file: Title=The mind behind Linux  Linus Torvalds  TED, Description=* TED Talks ⊚ TED *, Format=0
debug 2025/05/05 12:44:32 Found 4 audio tracks in total
debug 2025/05/05 12:44:32 Initializing application model
debug 2025/05/05 12:44:32 Initializing audio key mapping
debug 2025/05/05 12:44:32 Initializing audio key mapping
debug 2025/05/05 12:44:32 Starting TUI application
debug 2025/05/05 12:44:32 Initializing tea model
debug 2025/05/05 12:44:32 Window resized to 235 x 63
debug 2025/05/05 12:44:33 Selected track index: 2
debug 2025/05/05 12:44:33 Playing track: NVIDIA CEO Jensen Huang's Vision for Your Future
debug 2025/05/05 12:44:33 Now playing: NVIDIA CEO Jensen Huang's Vision for Your Future
debug 2025/05/05 12:44:33 Updated tabs: [00:00:14 <b>]
debug 2025/05/05 12:44:36 Quit requested
debug 2025/05/05 12:44:36 Closed audio player
debug 2025/05/05 12:44:36 Saved bookmarks and exiting application
debug 2025/05/05 12:44:36 Application shutting down, cleaning up resources
debug 2025/05/05 12:44:36 Audio player application terminated
debug 2025/05/05 12:47:50 Loading application configuration
debug 2025/05/05 12:47:50 Configuration loaded, directories to scan: [/Users/aidanalrawi/podcasts]
debug 2025/05/05 12:47:50 Scanning directories for audio files: [/Users/aidanalrawi/podcasts]
debug 2025/05/05 12:47:50 Found audio file: /Users/aidanalrawi/podcasts/Donald Trump Interview  Lex Fridman Podcast #442.mp3
debug 2025/05/05 12:47:50 Reading metadata for file: /Users/aidanalrawi/podcasts/Donald Trump Interview  Lex Fridman Podcast #442.mp3
debug 2025/05/05 12:47:50 Processed audio file: Title=Donald Trump Interview, Description=* Lex Fridman Podcast ⊚ Lex Fridman *, Format=0
debug 2025/05/05 12:47:50 Found audio file: /Users/aidanalrawi/podcasts/Mark Zuckerberg – Llama 4, DeepSeek, Trump, AI Friends, & Race to AGI.mp3
debug 2025/05/05 12:47:50 Reading metadata for file: /Users/aidanalrawi/podcasts/Mark Zuckerberg – Llama 4, DeepSeek, Trump, AI Friends, & Race to AGI.mp3
debug 2025/05/05 12:47:50 Processed audio file: Title=Mark Zuckerberg â Llama 4, DeepSeek, Trump, AI Friends, & Race to AGI, Description=* Dwarkesh Podcast ⊚ Dwarkesh Patel *, Format=0
debug 2025/05/05 12:47:50 Found audio file: /Users/aidanalrawi/podcasts/NVIDIA CEO Jensen Huang's Vision for Your Future.mp3
debug 2025/05/05 12:47:50 Reading metadata for file: /Users/aidanalrawi/podcasts/NVIDIA CEO Jensen Huang's Vision for Your Future.mp3
debug 2025/05/05 12:47:50 Processed audio file: Title=NVIDIA CEO Jensen Huang's Vision for Your Future, Description=* TED Talks ⊚ TED *, Format=0
debug 2025/05/05 12:47:50 Found audio file: /Users/aidanalrawi/podcasts/The mind behind Linux  Linus Torvalds  TED.mp3
debug 2025/05/05 12:47:50 Reading metadata for file: /Users/aidanalrawi/podcasts/The mind behind Linux  Linus Torvalds  TED.mp3
debug 2025/05/05 12:47:50 Processed audio file: Title=The mind behind Linux  Linus Torvalds  TED, Description=* TED Talks ⊚ TED *, Format=0
debug 2025/05/05 12:47:50 Found 4 audio tracks in total
debug 2025/05/05 12:47:50 Initializing application model
debug 2025/05/05 12:47:50 Initializing audio key mapping
debug 2025/05/05 12:47:50 Initializing audio key mapping
debug 2025/05/05 12:47:50 Starting TUI application
debug 2025/05/05 12:47:50 Initializing tea model
debug 2025/05/05 12:47:50 Window resized to 235 x 63
debug 2025/05/05 12:47:51 Selected track index: 2
debug 2025/05/05 12:47:51 Playing track: NVIDIA CEO Jensen Huang's Vision for Your Future
debug 2025/05/05 12:47:52 Now playing: NVIDIA CEO Jensen Huang's Vision for Your Future
debug 2025/05/05 12:47:52 Updated tabs: [00:00:14 <b>]
debug 2025/05/05 12:47:56 Moving to next bookmark
debug 2025/05/05 12:47:56 Moving to bookmark: 00:00:14
debug 2025/05/05 12:47:56 Attempting to jump to bookmark: 00:00:14
debug 2025/05/05 12:47:56 Bookmark position in seconds: 14
debug 2025/05/05 12:47:56 Jumping to bookmark: 00:00:14 at fraction: 0.0037
debug 2025/05/05 12:47:58 Moving to next bookmark
debug 2025/05/05 12:47:58 Moving to bookmark: 00:00:14
debug 2025/05/05 12:47:58 Attempting to jump to bookmark: 00:00:14
debug 2025/05/05 12:47:58 Bookmark position in seconds: 14
debug 2025/05/05 12:47:58 Jumping to bookmark: 00:00:14 at fraction: 0.0037
debug 2025/05/05 12:47:58 Moving to next bookmark
debug 2025/05/05 12:47:58 Moving to bookmark: 00:00:14
debug 2025/05/05 12:47:58 Attempting to jump to bookmark: 00:00:14
debug 2025/05/05 12:47:58 Bookmark position in seconds: 14
debug 2025/05/05 12:47:58 Jumping to bookmark: 00:00:14 at fraction: 0.0037
debug 2025/05/05 12:47:59 Moving to next bookmark
debug 2025/05/05 12:47:59 Moving to bookmark: 00:00:14
debug 2025/05/05 12:47:59 Attempting to jump to bookmark: 00:00:14
debug 2025/05/05 12:47:59 Bookmark position in seconds: 14
debug 2025/05/05 12:47:59 Jumping to bookmark: 00:00:14 at fraction: 0.0037
debug 2025/05/05 12:48:00 Quit requested
debug 2025/05/05 12:48:00 Closed audio player
debug 2025/05/05 12:48:00 Saved bookmarks and exiting application
debug 2025/05/05 12:48:00 Application shutting down, cleaning up resources
debug 2025/05/05 12:48:00 Audio player application terminated
debug 2025/05/05 12:58:18 Loading application configuration
debug 2025/05/05 12:58:18 Configuration loaded, directories to scan: [/Users/aidanalrawi/podcasts]
debug 2025/05/05 12:58:18 Scanning directories for audio files: [/Users/aidanalrawi/podcasts]
debug 2025/05/05 12:58:18 Found audio file: /Users/aidanalrawi/podcasts/Donald Trump Interview  Lex Fridman Podcast #442.mp3
debug 2025/05/05 12:58:18 Reading metadata for file: /Users/aidanalrawi/podcasts/Donald Trump Interview  Lex Fridman Podcast #442.mp3
debug 2025/05/05 12:58:18 Processed audio file: Title=Donald Trump Interview, Description=* Lex Fridman Podcast ⊚ Lex Fridman *, Format=0
debug 2025/05/05 12:58:18 Found audio file: /Users/aidanalrawi/podcasts/Mark Zuckerberg – Llama 4, DeepSeek, Trump, AI Friends, & Race to AGI.mp3
debug 2025/05/05 12:58:18 Reading metadata for file: /Users/aidanalrawi/podcasts/Mark Zuckerberg – Llama 4, DeepSeek, Trump, AI Friends, & Race to AGI.mp3
debug 2025/05/05 12:58:18 Processed audio file: Title=Mark Zuckerberg â Llama 4, DeepSeek, Trump, AI Friends, & Race to AGI, Description=* Dwarkesh Podcast ⊚ Dwarkesh Patel *, Format=0
debug 2025/05/05 12:58:18 Found audio file: /Users/aidanalrawi/podcasts/NVIDIA CEO Jensen Huang's Vision for Your Future.mp3
debug 2025/05/05 12:58:18 Reading metadata for file: /Users/aidanalrawi/podcasts/NVIDIA CEO Jensen Huang's Vision for Your Future.mp3
debug 2025/05/05 12:58:18 Processed audio file: Title=NVIDIA CEO Jensen Huang's Vision for Your Future, Description=* TED Talks ⊚ TED *, Format=0
debug 2025/05/05 12:58:18 Found audio file: /Users/aidanalrawi/podcasts/The mind behind Linux  Linus Torvalds  TED.mp3
debug 2025/05/05 12:58:18 Reading metadata for file: /Users/aidanalrawi/podcasts/The mind behind Linux  Linus Torvalds  TED.mp3
debug 2025/05/05 12:58:18 Processed audio file: Title=The mind behind Linux  Linus Torvalds  TED, Description=* TED Talks ⊚ TED *, Format=0
debug 2025/05/05 12:58:18 Found 4 audio tracks in total
debug 2025/05/05 12:58:18 Initializing application model
debug 2025/05/05 12:58:18 Initializing audio key mapping
debug 2025/05/05 12:58:18 Initializing audio key mapping
debug 2025/05/05 12:58:18 Starting TUI application
debug 2025/05/05 12:58:18 Initializing tea model
debug 2025/05/05 12:58:18 Window resized to 235 x 63
debug 2025/05/05 12:58:20 Selected track index: 2
debug 2025/05/05 12:58:20 Playing track: NVIDIA CEO Jensen Huang's Vision for Your Future
debug 2025/05/05 12:58:21 Now playing: NVIDIA CEO Jensen Huang's Vision for Your Future
debug 2025/05/05 12:58:21 Updated tabs: [00:00:14 <b>]
debug 2025/05/05 12:58:27 Selected track index: 0
debug 2025/05/05 12:58:27 Rewinding current track
debug 2025/05/05 12:58:27 Playing track: Donald Trump Interview
debug 2025/05/05 12:58:28 Now playing: Donald Trump Interview
debug 2025/05/05 12:58:28 Updated tabs: [00:00:00 00:00:06 00:00:22 00:00:22 00:00:22 00:00:22 <b>]
debug 2025/05/05 12:58:30 Removing bookmark
debug 2025/05/05 12:58:30 Removing bookmark: 00:00:00 from track: /Users/aidanalrawi/podcasts/Donald Trump Interview  Lex Fridman Podcast #442.mp3
debug 2025/05/05 12:58:30 Updated tabs: [00:00:06 00:00:22 00:00:22 00:00:22 00:00:22 <b>]
debug 2025/05/05 12:58:30 Removing bookmark
debug 2025/05/05 12:58:30 Removing bookmark: 00:00:06 from track: /Users/aidanalrawi/podcasts/Donald Trump Interview  Lex Fridman Podcast #442.mp3
debug 2025/05/05 12:58:30 Updated tabs: [00:00:22 00:00:22 00:00:22 00:00:22 <b>]
debug 2025/05/05 12:58:30 Removing bookmark
debug 2025/05/05 12:58:30 Removing bookmark: 00:00:22 from track: /Users/aidanalrawi/podcasts/Donald Trump Interview  Lex Fridman Podcast #442.mp3
debug 2025/05/05 12:58:30 Updated tabs: [00:00:22 00:00:22 00:00:22 <b>]
debug 2025/05/05 12:58:31 Removing bookmark
debug 2025/05/05 12:58:31 Removing bookmark: 00:00:22 from track: /Users/aidanalrawi/podcasts/Donald Trump Interview  Lex Fridman Podcast #442.mp3
debug 2025/05/05 12:58:31 Updated tabs: [00:00:22 00:00:22 <b>]
debug 2025/05/05 12:58:31 Removing bookmark
debug 2025/05/05 12:58:31 Removing bookmark: 00:00:22 from track: /Users/aidanalrawi/podcasts/Donald Trump Interview  Lex Fridman Podcast #442.mp3
debug 2025/05/05 12:58:31 Updated tabs: [00:00:22 <b>]
debug 2025/05/05 12:58:31 Removing bookmark
debug 2025/05/05 12:58:31 Removing bookmark: 00:00:22 from track: /Users/aidanalrawi/podcasts/Donald Trump Interview  Lex Fridman Podcast #442.mp3
debug 2025/05/05 12:58:37 Adding bookmark
debug 2025/05/05 12:58:37 Added bookmark at position: 00:00:09 for track: /Users/aidanalrawi/podcasts/Donald Trump Interview  Lex Fridman Podcast #442.mp3
debug 2025/05/05 12:58:37 Updated tabs: [00:00:09 <b>]
debug 2025/05/05 12:58:38 Adding bookmark
debug 2025/05/05 12:58:38 Added bookmark at position: 00:00:10 for track: /Users/aidanalrawi/podcasts/Donald Trump Interview  Lex Fridman Podcast #442.mp3
debug 2025/05/05 12:58:38 Updated tabs: [00:00:09 00:00:10 <b>]
debug 2025/05/05 12:58:39 Moving to next bookmark
debug 2025/05/05 12:58:39 Moving to bookmark: 00:00:09
debug 2025/05/05 12:58:39 Attempting to jump to bookmark: 00:00:09
debug 2025/05/05 12:58:39 Bookmark position in seconds: 9
debug 2025/05/05 12:58:39 Jumping to bookmark: 00:00:09 at fraction: 0.0023
debug 2025/05/05 12:58:39 Moving to next bookmark
debug 2025/05/05 12:58:39 Moving to bookmark: 00:00:10
debug 2025/05/05 12:58:39 Attempting to jump to bookmark: 00:00:10
debug 2025/05/05 12:58:39 Bookmark position in seconds: 10
debug 2025/05/05 12:58:39 Jumping to bookmark: 00:00:10 at fraction: 0.0026
debug 2025/05/05 12:58:40 Moving to next bookmark
debug 2025/05/05 12:58:40 Moving to bookmark: 00:00:09
debug 2025/05/05 12:58:40 Attempting to jump to bookmark: 00:00:09
debug 2025/05/05 12:58:40 Bookmark position in seconds: 9
debug 2025/05/05 12:58:40 Jumping to bookmark: 00:00:09 at fraction: 0.0023
debug 2025/05/05 12:58:41 Removing bookmark
debug 2025/05/05 12:58:41 Removing bookmark: 00:00:09 from track: /Users/aidanalrawi/podcasts/Donald Trump Interview  Lex Fridman Podcast #442.mp3
debug 2025/05/05 12:58:41 Updated tabs: [00:00:10 <b>]
debug 2025/05/05 12:58:44 Adding bookmark
debug 2025/05/05 12:58:44 Added bookmark at position: 00:00:12 for track: /Users/aidanalrawi/podcasts/Donald Trump Interview  Lex Fridman Podcast #442.mp3
debug 2025/05/05 12:58:44 Updated tabs: [00:00:10 00:00:12 <b>]
debug 2025/05/05 12:58:45 Adding bookmark
debug 2025/05/05 12:58:45 Added bookmark at position: 00:00:13 for track: /Users/aidanalrawi/podcasts/Donald Trump Interview  Lex Fridman Podcast #442.mp3
debug 2025/05/05 12:58:45 Updated tabs: [00:00:10 00:00:12 00:00:13 <b>]
debug 2025/05/05 12:58:47 Seek forward requested, value: 1
debug 2025/05/05 12:58:47 Applying seek position: 1
debug 2025/05/05 12:58:47 Seek forward requested, value: 1
debug 2025/05/05 12:58:47 Applying seek position: 1
debug 2025/05/05 12:58:47 Seek forward requested, value: 1
debug 2025/05/05 12:58:47 Applying seek position: 1
debug 2025/05/05 12:58:48 Seek forward requested, value: 1
debug 2025/05/05 12:58:48 Applying seek position: 1
debug 2025/05/05 12:58:48 Adding bookmark
debug 2025/05/05 12:58:48 Added bookmark at position: 00:00:21 for track: /Users/aidanalrawi/podcasts/Donald Trump Interview  Lex Fridman Podcast #442.mp3
debug 2025/05/05 12:58:48 Updated tabs: [00:00:10 00:00:12 00:00:13 00:00:21 <b>]
debug 2025/05/05 12:58:49 Removing bookmark
debug 2025/05/05 12:58:49 Removing bookmark: 00:00:21 from track: /Users/aidanalrawi/podcasts/Donald Trump Interview  Lex Fridman Podcast #442.mp3
debug 2025/05/05 12:58:49 Updated tabs: [00:00:10 00:00:12 00:00:13 <b>]
debug 2025/05/05 12:58:49 Removing bookmark
debug 2025/05/05 12:58:49 Removing bookmark: 00:00:13 from track: /Users/aidanalrawi/podcasts/Donald Trump Interview  Lex Fridman Podcast #442.mp3
debug 2025/05/05 12:58:49 Updated tabs: [00:00:10 00:00:12 <b>]
debug 2025/05/05 12:58:52 Moving to previous bookmark
debug 2025/05/05 12:58:52 Moving to bookmark: 00:00:10
debug 2025/05/05 12:58:52 Attempting to jump to bookmark: 00:00:10
debug 2025/05/05 12:58:52 Bookmark position in seconds: 10
debug 2025/05/05 12:58:52 Jumping to bookmark: 00:00:10 at fraction: 0.0026
debug 2025/05/05 12:58:54 Removing bookmark
debug 2025/05/05 12:58:54 Removing bookmark: 00:00:10 from track: /Users/aidanalrawi/podcasts/Donald Trump Interview  Lex Fridman Podcast #442.mp3
debug 2025/05/05 12:58:54 Updated tabs: [00:00:12 <b>]
debug 2025/05/05 12:58:55 Removing bookmark
debug 2025/05/05 12:58:55 Removing bookmark: 00:00:12 from track: /Users/aidanalrawi/podcasts/Donald Trump Interview  Lex Fridman Podcast #442.mp3
debug 2025/05/05 12:58:56 Removing bookmark
debug 2025/05/05 12:59:02 Quit requested
debug 2025/05/05 12:59:02 Closed audio player
debug 2025/05/05 12:59:02 Saved bookmarks and exiting application
debug 2025/05/05 12:59:02 Application shutting down, cleaning up resources
debug 2025/05/05 12:59:02 Audio player application terminated
debug 2025/05/05 13:00:24 Loading application configuration
debug 2025/05/05 13:00:24 Configuration loaded, directories to scan: [/Users/aidanalrawi/podcasts]
debug 2025/05/05 13:00:24 Scanning directories for audio files: [/Users/aidanalrawi/podcasts]
debug 2025/05/05 13:00:24 Found audio file: /Users/aidanalrawi/podcasts/Donald Trump Interview  Lex Fridman Podcast #442.mp3
debug 2025/05/05 13:00:24 Reading metadata for file: /Users/aidanalrawi/podcasts/Donald Trump Interview  Lex Fridman Podcast #442.mp3
debug 2025/05/05 13:00:24 Processed audio file: Title=Donald Trump Interview, Description=* Lex Fridman Podcast ⊚ Lex Fridman *, Format=0
debug 2025/05/05 13:00:24 Found audio file: /Users/aidanalrawi/podcasts/Mark Zuckerberg – Llama 4, DeepSeek, Trump, AI Friends, & Race to AGI.mp3
debug 2025/05/05 13:00:24 Reading metadata for file: /Users/aidanalrawi/podcasts/Mark Zuckerberg – Llama 4, DeepSeek, Trump, AI Friends, & Race to AGI.mp3
debug 2025/05/05 13:00:24 Processed audio file: Title=Mark Zuckerberg â Llama 4, DeepSeek, Trump, AI Friends, & Race to AGI, Description=* Dwarkesh Podcast ⊚ Dwarkesh Patel *, Format=0
debug 2025/05/05 13:00:24 Found audio file: /Users/aidanalrawi/podcasts/NVIDIA CEO Jensen Huang's Vision for Your Future.mp3
debug 2025/05/05 13:00:24 Reading metadata for file: /Users/aidanalrawi/podcasts/NVIDIA CEO Jensen Huang's Vision for Your Future.mp3
debug 2025/05/05 13:00:24 Processed audio file: Title=NVIDIA CEO Jensen Huang's Vision for Your Future, Description=* TED Talks ⊚ TED *, Format=0
debug 2025/05/05 13:00:24 Found audio file: /Users/aidanalrawi/podcasts/The mind behind Linux  Linus Torvalds  TED.mp3
debug 2025/05/05 13:00:24 Reading metadata for file: /Users/aidanalrawi/podcasts/The mind behind Linux  Linus Torvalds  TED.mp3
debug 2025/05/05 13:00:24 Processed audio file: Title=The mind behind Linux  Linus Torvalds  TED, Description=* TED Talks ⊚ TED *, Format=0
debug 2025/05/05 13:00:24 Found 4 audio tracks in total
debug 2025/05/05 13:00:24 Initializing application model
debug 2025/05/05 13:00:24 Initializing audio key mapping
debug 2025/05/05 13:00:24 Initializing audio key mapping
debug 2025/05/05 13:00:24 Starting TUI application
debug 2025/05/05 13:00:24 Initializing tea model
debug 2025/05/05 13:00:24 Window resized to 235 x 24
debug 2025/05/05 13:00:27 Quit requested
debug 2025/05/05 13:00:27 Saved bookmarks and exiting application
debug 2025/05/05 13:00:27 Application shutting down, cleaning up resources
debug 2025/05/05 13:00:27 Audio player application terminated
debug 2025/05/05 13:00:34 Loading application configuration
debug 2025/05/05 13:00:34 Configuration loaded, directories to scan: [/Users/aidanalrawi/podcasts]
debug 2025/05/05 13:00:34 Scanning directories for audio files: [/Users/aidanalrawi/podcasts]
debug 2025/05/05 13:00:34 Found audio file: /Users/aidanalrawi/podcasts/Donald Trump Interview  Lex Fridman Podcast #442.mp3
debug 2025/05/05 13:00:34 Reading metadata for file: /Users/aidanalrawi/podcasts/Donald Trump Interview  Lex Fridman Podcast #442.mp3
debug 2025/05/05 13:00:34 Processed audio file: Title=Donald Trump Interview, Description=* Lex Fridman Podcast ⊚ Lex Fridman *, Format=0
debug 2025/05/05 13:00:34 Found audio file: /Users/aidanalrawi/podcasts/Mark Zuckerberg – Llama 4, DeepSeek, Trump, AI Friends, & Race to AGI.mp3
debug 2025/05/05 13:00:34 Reading metadata for file: /Users/aidanalrawi/podcasts/Mark Zuckerberg – Llama 4, DeepSeek, Trump, AI Friends, & Race to AGI.mp3
debug 2025/05/05 13:00:34 Processed audio file: Title=Mark Zuckerberg â Llama 4, DeepSeek, Trump, AI Friends, & Race to AGI, Description=* Dwarkesh Podcast ⊚ Dwarkesh Patel *, Format=0
debug 2025/05/05 13:00:34 Found audio file: /Users/aidanalrawi/podcasts/NVIDIA CEO Jensen Huang's Vision for Your Future.mp3
debug 2025/05/05 13:00:34 Reading metadata for file: /Users/aidanalrawi/podcasts/NVIDIA CEO Jensen Huang's Vision for Your Future.mp3
debug 2025/05/05 13:00:34 Processed audio file: Title=NVIDIA CEO Jensen Huang's Vision for Your Future, Description=* TED Talks ⊚ TED *, Format=0
debug 2025/05/05 13:00:34 Found audio file: /Users/aidanalrawi/podcasts/The mind behind Linux  Linus Torvalds  TED.mp3
debug 2025/05/05 13:00:34 Reading metadata for file: /Users/aidanalrawi/podcasts/The mind behind Linux  Linus Torvalds  TED.mp3
debug 2025/05/05 13:00:34 Processed audio file: Title=The mind behind Linux  Linus Torvalds  TED, Description=* TED Talks ⊚ TED *, Format=0
debug 2025/05/05 13:00:34 Found 4 audio tracks in total
debug 2025/05/05 13:00:34 Initializing application model
debug 2025/05/05 13:00:34 Initializing audio key mapping
debug 2025/05/05 13:00:34 Initializing audio key mapping
debug 2025/05/05 13:00:34 Starting TUI application
debug 2025/05/05 13:00:34 Initializing tea model
debug 2025/05/05 13:00:34 Window resized to 235 x 63
debug 2025/05/05 13:01:05 Quit requested
debug 2025/05/05 13:01:05 Saved bookmarks and exiting application
debug 2025/05/05 13:01:05 Application shutting down, cleaning up resources
debug 2025/05/05 13:01:05 Audio player application terminated
debug 2025/05/05 13:05:18 Loading application configuration
debug 2025/05/05 13:06:08 Loading application configuration
debug 2025/05/05 13:06:08 Configuration loaded, directories to scan: [/Users/aidanalrawi/podcasts]
debug 2025/05/05 13:06:08 Scanning directories for audio files: [/Users/aidanalrawi/podcasts]
debug 2025/05/05 13:06:08 Found audio file: /Users/aidanalrawi/podcasts/Donald Trump Interview  Lex Fridman Podcast #442.mp3
debug 2025/05/05 13:06:08 Reading metadata for file: /Users/aidanalrawi/podcasts/Donald Trump Interview  Lex Fridman Podcast #442.mp3
debug 2025/05/05 13:06:08 Processed audio file: Title=Donald Trump Interview, Description=* Lex Fridman Podcast ⊚ Lex Fridman *, Format=0
debug 2025/05/05 13:06:08 Found audio file: /Users/aidanalrawi/podcasts/Mark Zuckerberg – Llama 4, DeepSeek, Trump, AI Friends, & Race to AGI.mp3
debug 2025/05/05 13:06:08 Reading metadata for file: /Users/aidanalrawi/podcasts/Mark Zuckerberg – Llama 4, DeepSeek, Trump, AI Friends, & Race to AGI.mp3
debug 2025/05/05 13:06:08 Processed audio file: Title=Mark Zuckerberg â Llama 4, DeepSeek, Trump, AI Friends, & Race to AGI, Description=* Dwarkesh Podcast ⊚ Dwarkesh Patel *, Format=0
debug 2025/05/05 13:06:08 Found audio file: /Users/aidanalrawi/podcasts/NVIDIA CEO Jensen Huang's Vision for Your Future.mp3
debug 2025/05/05 13:06:08 Reading metadata for file: /Users/aidanalrawi/podcasts/NVIDIA CEO Jensen Huang's Vision for Your Future.mp3
debug 2025/05/05 13:06:08 Processed audio file: Title=NVIDIA CEO Jensen Huang's Vision for Your Future, Description=* TED Talks ⊚ TED *, Format=0
debug 2025/05/05 13:06:08 Found audio file: /Users/aidanalrawi/podcasts/The mind behind Linux  Linus Torvalds  TED.mp3
debug 2025/05/05 13:06:08 Reading metadata for file: /Users/aidanalrawi/podcasts/The mind behind Linux  Linus Torvalds  TED.mp3
debug 2025/05/05 13:06:08 Processed audio file: Title=The mind behind Linux  Linus Torvalds  TED, Description=* TED Talks ⊚ TED *, Format=0
debug 2025/05/05 13:06:08 Found 4 audio tracks in total
debug 2025/05/05 13:06:08 Initializing application model
debug 2025/05/05 13:06:08 Initializing audio key mapping
debug 2025/05/05 13:06:08 Initializing audio key mapping
debug 2025/05/05 13:06:08 Starting TUI application
debug 2025/05/05 13:06:08 Initializing tea model
debug 2025/05/05 13:06:08 Window resized to 235 x 63
debug 2025/05/05 13:06:56 Selected track index: 1
debug 2025/05/05 13:06:56 Playing track: Mark Zuckerberg â Llama 4, DeepSeek, Trump, AI Friends, & Race to AGI
debug 2025/05/05 13:06:57 Now playing: Mark Zuckerberg â Llama 4, DeepSeek, Trump, AI Friends, & Race to AGI
debug 2025/05/05 13:07:09 Toggling pause state
debug 2025/05/05 13:07:10 Adding bookmark
debug 2025/05/05 13:07:10 Added bookmark at position: 00:00:11 for track: /Users/aidanalrawi/podcasts/Mark Zuckerberg – Llama 4, DeepSeek, Trump, AI Friends, & Race to AGI.mp3
debug 2025/05/05 13:07:10 Updated tabs: [00:00:11 <b>]
debug 2025/05/05 13:07:16 Seek forward requested, value: 1
debug 2025/05/05 13:07:16 Applying seek position: 1
debug 2025/05/05 13:07:16 Seek forward requested, value: 1
debug 2025/05/05 13:07:17 Applying seek position: 1
debug 2025/05/05 13:07:17 Seek forward requested, value: 1
debug 2025/05/05 13:07:17 Applying seek position: 1
debug 2025/05/05 13:07:17 Seek forward requested, value: 1
debug 2025/05/05 13:07:17 Applying seek position: 1
debug 2025/05/05 13:07:17 Seek forward requested, value: 1
debug 2025/05/05 13:07:17 Applying seek position: 1
debug 2025/05/05 13:07:17 Seek forward requested, value: 1
debug 2025/05/05 13:07:17 Applying seek position: 1
debug 2025/05/05 13:07:17 Seek forward requested, value: 1
debug 2025/05/05 13:07:18 Seek forward requested, value: 2
debug 2025/05/05 13:07:18 Seek forward requested, value: 3
debug 2025/05/05 13:07:18 Seek forward requested, value: 4
debug 2025/05/05 13:07:18 Seek forward requested, value: 5
debug 2025/05/05 13:07:18 Seek forward requested, value: 6
debug 2025/05/05 13:07:18 Seek forward requested, value: 7
debug 2025/05/05 13:07:18 Seek forward requested, value: 8
debug 2025/05/05 13:07:18 Seek forward requested, value: 9
debug 2025/05/05 13:07:18 Seek forward requested, value: 10
debug 2025/05/05 13:07:18 Seek forward requested, value: 11
debug 2025/05/05 13:07:18 Seek forward requested, value: 12
debug 2025/05/05 13:07:18 Seek forward requested, value: 13
debug 2025/05/05 13:07:19 Applying seek position: 13
debug 2025/05/05 13:07:19 Seek forward requested, value: 1
debug 2025/05/05 13:07:19 Seek forward requested, value: 2
debug 2025/05/05 13:07:19 Seek forward requested, value: 3
debug 2025/05/05 13:07:19 Seek forward requested, value: 4
debug 2025/05/05 13:07:19 Seek forward requested, value: 5
debug 2025/05/05 13:07:19 Seek forward requested, value: 6
debug 2025/05/05 13:07:19 Seek forward requested, value: 7
debug 2025/05/05 13:07:19 Seek forward requested, value: 8
debug 2025/05/05 13:07:19 Seek forward requested, value: 9
debug 2025/05/05 13:07:19 Seek forward requested, value: 10
debug 2025/05/05 13:07:19 Seek forward requested, value: 11
debug 2025/05/05 13:07:19 Seek forward requested, value: 12
debug 2025/05/05 13:07:20 Seek forward requested, value: 13
debug 2025/05/05 13:07:20 Seek forward requested, value: 14
debug 2025/05/05 13:07:20 Seek forward requested, value: 15
debug 2025/05/05 13:07:20 Seek forward requested, value: 16
debug 2025/05/05 13:07:20 Seek forward requested, value: 17
debug 2025/05/05 13:07:20 Seek forward requested, value: 18
debug 2025/05/05 13:07:20 Seek forward requested, value: 19
debug 2025/05/05 13:07:20 Seek forward requested, value: 20
debug 2025/05/05 13:07:20 Seek forward requested, value: 21
debug 2025/05/05 13:07:20 Seek forward requested, value: 22
debug 2025/05/05 13:07:20 Seek forward requested, value: 23
debug 2025/05/05 13:07:20 Seek forward requested, value: 24
debug 2025/05/05 13:07:21 Seek forward requested, value: 25
debug 2025/05/05 13:07:21 Seek forward requested, value: 26
debug 2025/05/05 13:07:21 Seek forward requested, value: 27
debug 2025/05/05 13:07:21 Seek forward requested, value: 28
debug 2025/05/05 13:07:21 Seek forward requested, value: 29
debug 2025/05/05 13:07:21 Seek forward requested, value: 30
debug 2025/05/05 13:07:21 Seek forward requested, value: 31
debug 2025/05/05 13:07:21 Seek forward requested, value: 32
debug 2025/05/05 13:07:21 Seek forward requested, value: 33
debug 2025/05/05 13:07:21 Seek forward requested, value: 34
debug 2025/05/05 13:07:21 Seek forward requested, value: 35
debug 2025/05/05 13:07:21 Seek forward requested, value: 36
debug 2025/05/05 13:07:22 Seek forward requested, value: 37
debug 2025/05/05 13:07:22 Applying seek position: 37
debug 2025/05/05 13:07:22 Seek forward requested, value: 1
debug 2025/05/05 13:07:22 Applying seek position: 1
debug 2025/05/05 13:07:22 Seek forward requested, value: 1
debug 2025/05/05 13:07:22 Applying seek position: 1
debug 2025/05/05 13:07:22 Seek forward requested, value: 1
debug 2025/05/05 13:07:22 Applying seek position: 1
debug 2025/05/05 13:07:22 Seek forward requested, value: 1
debug 2025/05/05 13:07:22 Applying seek position: 1
debug 2025/05/05 13:07:22 Seek forward requested, value: 1
debug 2025/05/05 13:07:22 Applying seek position: 1
debug 2025/05/05 13:07:22 Seek forward requested, value: 1
debug 2025/05/05 13:07:23 Applying seek position: 1
debug 2025/05/05 13:07:24 Adding bookmark
debug 2025/05/05 13:07:24 Added bookmark at position: 00:01:13 for track: /Users/aidanalrawi/podcasts/Mark Zuckerberg – Llama 4, DeepSeek, Trump, AI Friends, & Race to AGI.mp3
debug 2025/05/05 13:07:24 Updated tabs: [00:00:11 00:01:13 <b>]
debug 2025/05/05 13:07:28 Toggling pause state
debug 2025/05/05 13:07:31 Moving to previous bookmark
debug 2025/05/05 13:07:31 Moving to bookmark: 00:00:11
debug 2025/05/05 13:07:31 Attempting to jump to bookmark: 00:00:11
debug 2025/05/05 13:07:31 Bookmark position in seconds: 11
debug 2025/05/05 13:07:31 Jumping to bookmark: 00:00:11 at fraction: 0.0024
debug 2025/05/05 13:07:32 Moving to next bookmark
debug 2025/05/05 13:07:32 Moving to bookmark: 00:01:13
debug 2025/05/05 13:07:32 Attempting to jump to bookmark: 00:01:13
debug 2025/05/05 13:07:32 Bookmark position in seconds: 73
debug 2025/05/05 13:07:32 Jumping to bookmark: 00:01:13 at fraction: 0.0160
debug 2025/05/05 13:07:33 Moving to previous bookmark
debug 2025/05/05 13:07:33 Moving to bookmark: 00:00:11
debug 2025/05/05 13:07:33 Attempting to jump to bookmark: 00:00:11
debug 2025/05/05 13:07:33 Bookmark position in seconds: 11
debug 2025/05/05 13:07:33 Jumping to bookmark: 00:00:11 at fraction: 0.0024
debug 2025/05/05 13:07:33 Moving to next bookmark
debug 2025/05/05 13:07:33 Moving to bookmark: 00:01:13
debug 2025/05/05 13:07:33 Attempting to jump to bookmark: 00:01:13
debug 2025/05/05 13:07:33 Bookmark position in seconds: 73
debug 2025/05/05 13:07:33 Jumping to bookmark: 00:01:13 at fraction: 0.0160
debug 2025/05/05 13:07:33 Moving to previous bookmark
debug 2025/05/05 13:07:33 Moving to bookmark: 00:00:11
debug 2025/05/05 13:07:33 Attempting to jump to bookmark: 00:00:11
debug 2025/05/05 13:07:33 Bookmark position in seconds: 11
debug 2025/05/05 13:07:33 Jumping to bookmark: 00:00:11 at fraction: 0.0024
debug 2025/05/05 13:07:33 Moving to next bookmark
debug 2025/05/05 13:07:33 Moving to bookmark: 00:01:13
debug 2025/05/05 13:07:33 Attempting to jump to bookmark: 00:01:13
debug 2025/05/05 13:07:33 Bookmark position in seconds: 73
debug 2025/05/05 13:07:33 Jumping to bookmark: 00:01:13 at fraction: 0.0160
debug 2025/05/05 13:07:33 Moving to previous bookmark
debug 2025/05/05 13:07:33 Moving to bookmark: 00:00:11
debug 2025/05/05 13:07:33 Attempting to jump to bookmark: 00:00:11
debug 2025/05/05 13:07:33 Bookmark position in seconds: 11
debug 2025/05/05 13:07:33 Jumping to bookmark: 00:00:11 at fraction: 0.0024
debug 2025/05/05 13:07:34 Moving to next bookmark
debug 2025/05/05 13:07:34 Moving to bookmark: 00:01:13
debug 2025/05/05 13:07:34 Attempting to jump to bookmark: 00:01:13
debug 2025/05/05 13:07:34 Bookmark position in seconds: 73
debug 2025/05/05 13:07:34 Jumping to bookmark: 00:01:13 at fraction: 0.0160
debug 2025/05/05 13:07:34 Moving to previous bookmark
debug 2025/05/05 13:07:34 Moving to bookmark: 00:00:11
debug 2025/05/05 13:07:34 Attempting to jump to bookmark: 00:00:11
debug 2025/05/05 13:07:34 Bookmark position in seconds: 11
debug 2025/05/05 13:07:34 Jumping to bookmark: 00:00:11 at fraction: 0.0024
debug 2025/05/05 13:07:35 Moving to previous bookmark
debug 2025/05/05 13:07:35 Moving to bookmark: 00:01:13
debug 2025/05/05 13:07:35 Attempting to jump to bookmark: 00:01:13
debug 2025/05/05 13:07:35 Bookmark position in seconds: 73
debug 2025/05/05 13:07:35 Jumping to bookmark: 00:01:13 at fraction: 0.0160
debug 2025/05/05 13:07:37 Moving to next bookmark
debug 2025/05/05 13:07:37 Moving to bookmark: 00:00:11
debug 2025/05/05 13:07:37 Attempting to jump to bookmark: 00:00:11
debug 2025/05/05 13:07:37 Bookmark position in seconds: 11
debug 2025/05/05 13:07:37 Jumping to bookmark: 00:00:11 at fraction: 0.0024
debug 2025/05/05 13:07:38 Removing bookmark
debug 2025/05/05 13:07:38 Removing bookmark: 00:00:11 from track: /Users/aidanalrawi/podcasts/Mark Zuckerberg – Llama 4, DeepSeek, Trump, AI Friends, & Race to AGI.mp3
debug 2025/05/05 13:07:38 Updated tabs: [00:01:13 <b>]
debug 2025/05/05 13:07:43 Moving to next bookmark
debug 2025/05/05 13:07:43 Moving to bookmark: 00:01:13
debug 2025/05/05 13:07:43 Attempting to jump to bookmark: 00:01:13
debug 2025/05/05 13:07:43 Bookmark position in seconds: 73
debug 2025/05/05 13:07:43 Jumping to bookmark: 00:01:13 at fraction: 0.0160
debug 2025/05/05 13:07:45 Toggling pause state
debug 2025/05/05 13:08:05 Quit requested
debug 2025/05/05 13:08:05 Closed audio player
debug 2025/05/05 13:08:05 Saved bookmarks and exiting application
debug 2025/05/05 13:08:05 Application shutting down, cleaning up resources
debug 2025/05/05 13:08:05 Audio player application terminated
debug 2025/05/05 13:08:06 Loading application configuration
debug 2025/05/05 13:08:06 Configuration loaded, directories to scan: [/Users/aidanalrawi/podcasts]
debug 2025/05/05 13:08:06 Scanning directories for audio files: [/Users/aidanalrawi/podcasts]
debug 2025/05/05 13:08:06 Found audio file: /Users/aidanalrawi/podcasts/Donald Trump Interview  Lex Fridman Podcast #442.mp3
debug 2025/05/05 13:08:06 Reading metadata for file: /Users/aidanalrawi/podcasts/Donald Trump Interview  Lex Fridman Podcast #442.mp3
debug 2025/05/05 13:08:06 Processed audio file: Title=Donald Trump Interview, Description=* Lex Fridman Podcast ⊚ Lex Fridman *, Format=0
debug 2025/05/05 13:08:06 Found audio file: /Users/aidanalrawi/podcasts/Mark Zuckerberg – Llama 4, DeepSeek, Trump, AI Friends, & Race to AGI.mp3
debug 2025/05/05 13:08:06 Reading metadata for file: /Users/aidanalrawi/podcasts/Mark Zuckerberg – Llama 4, DeepSeek, Trump, AI Friends, & Race to AGI.mp3
debug 2025/05/05 13:08:06 Processed audio file: Title=Mark Zuckerberg â Llama 4, DeepSeek, Trump, AI Friends, & Race to AGI, Description=* Dwarkesh Podcast ⊚ Dwarkesh Patel *, Format=0
debug 2025/05/05 13:08:06 Found audio file: /Users/aidanalrawi/podcasts/NVIDIA CEO Jensen Huang's Vision for Your Future.mp3
debug 2025/05/05 13:08:06 Reading metadata for file: /Users/aidanalrawi/podcasts/NVIDIA CEO Jensen Huang's Vision for Your Future.mp3
debug 2025/05/05 13:08:06 Processed audio file: Title=NVIDIA CEO Jensen Huang's Vision for Your Future, Description=* TED Talks ⊚ TED *, Format=0
debug 2025/05/05 13:08:06 Found audio file: /Users/aidanalrawi/podcasts/The mind behind Linux  Linus Torvalds  TED.mp3
debug 2025/05/05 13:08:06 Reading metadata for file: /Users/aidanalrawi/podcasts/The mind behind Linux  Linus Torvalds  TED.mp3
debug 2025/05/05 13:08:06 Processed audio file: Title=The mind behind Linux  Linus Torvalds  TED, Description=* TED Talks ⊚ TED *, Format=0
debug 2025/05/05 13:08:06 Found 4 audio tracks in total
debug 2025/05/05 13:08:06 Initializing application model
debug 2025/05/05 13:08:06 Initializing audio key mapping
debug 2025/05/05 13:08:06 Initializing audio key mapping
debug 2025/05/05 13:08:06 Starting TUI application
debug 2025/05/05 13:08:06 Initializing tea model
debug 2025/05/05 13:08:06 Window resized to 235 x 63
debug 2025/05/05 13:08:10 Selected track index: 1
debug 2025/05/05 13:08:10 Playing track: Mark Zuckerberg â Llama 4, DeepSeek, Trump, AI Friends, & Race to AGI
debug 2025/05/05 13:08:10 Now playing: Mark Zuckerberg â Llama 4, DeepSeek, Trump, AI Friends, & Race to AGI
debug 2025/05/05 13:08:10 Updated tabs: [00:01:13 <b>]
debug 2025/05/05 13:08:12 Toggling pause state
debug 2025/05/05 13:08:16 Quit requested
debug 2025/05/05 13:08:16 Closed audio player
debug 2025/05/05 13:08:16 Saved bookmarks and exiting application
debug 2025/05/05 13:08:16 Application shutting down, cleaning up resources
debug 2025/05/05 13:08:16 Audio player application terminated
debug 2025/05/05 13:49:23 Loading application configuration
debug 2025/05/05 13:49:23 Configuration loaded, directories to scan: [/Users/aidanalrawi/podcasts]
debug 2025/05/05 13:49:23 Scanning directories for audio files: [/Users/aidanalrawi/podcasts]
debug 2025/05/05 13:49:23 Found audio file: /Users/aidanalrawi/podcasts/Donald Trump Interview  Lex Fridman Podcast #442.mp3
debug 2025/05/05 13:49:23 Reading metadata for file: /Users/aidanalrawi/podcasts/Donald Trump Interview  Lex Fridman Podcast #442.mp3
debug 2025/05/05 13:49:23 Processed audio file: Title=Donald Trump Interview, Description=* Lex Fridman Podcast ⊚ Lex Fridman *, Format=0
debug 2025/05/05 13:49:23 Found audio file: /Users/aidanalrawi/podcasts/Mark Zuckerberg – Llama 4, DeepSeek, Trump, AI Friends, & Race to AGI.mp3
debug 2025/05/05 13:49:23 Reading metadata for file: /Users/aidanalrawi/podcasts/Mark Zuckerberg – Llama 4, DeepSeek, Trump, AI Friends, & Race to AGI.mp3
debug 2025/05/05 13:49:23 Processed audio file: Title=Mark Zuckerberg â Llama 4, DeepSeek, Trump, AI Friends, & Race to AGI, Description=* Dwarkesh Podcast ⊚ Dwarkesh Patel *, Format=0
debug 2025/05/05 13:49:23 Found audio file: /Users/aidanalrawi/podcasts/NVIDIA CEO Jensen Huang's Vision for Your Future.mp3
debug 2025/05/05 13:49:23 Reading metadata for file: /Users/aidanalrawi/podcasts/NVIDIA CEO Jensen Huang's Vision for Your Future.mp3
debug 2025/05/05 13:49:23 Processed audio file: Title=NVIDIA CEO Jensen Huang's Vision for Your Future, Description=* TED Talks ⊚ TED *, Format=0
debug 2025/05/05 13:49:23 Found audio file: /Users/aidanalrawi/podcasts/The mind behind Linux  Linus Torvalds  TED.mp3
debug 2025/05/05 13:49:23 Reading metadata for file: /Users/aidanalrawi/podcasts/The mind behind Linux  Linus Torvalds  TED.mp3
debug 2025/05/05 13:49:23 Processed audio file: Title=The mind behind Linux  Linus Torvalds  TED, Description=* TED Talks ⊚ TED *, Format=0
debug 2025/05/05 13:49:23 Found 4 audio tracks in total
debug 2025/05/05 13:49:23 Initializing application model
debug 2025/05/05 13:49:23 Initializing audio key mapping
debug 2025/05/05 13:49:23 Initializing audio key mapping
debug 2025/05/05 13:49:23 Starting TUI application
debug 2025/05/05 13:49:23 Initializing tea model
debug 2025/05/05 13:49:23 Window resized to 235 x 63
debug 2025/05/05 13:49:24 Selected track index: 2
debug 2025/05/05 13:49:24 Playing track: NVIDIA CEO Jensen Huang's Vision for Your Future
debug 2025/05/05 13:49:24 Now playing: NVIDIA CEO Jensen Huang's Vision for Your Future
debug 2025/05/05 13:49:26 Selected track index: 3
debug 2025/05/05 13:49:26 Rewinding current track
debug 2025/05/05 13:49:26 Playing track: The mind behind Linux  Linus Torvalds  TED
debug 2025/05/05 13:49:26 Now playing: The mind behind Linux  Linus Torvalds  TED
debug 2025/05/05 13:49:30 Adding bookmark
debug 2025/05/05 13:49:30 Added bookmark at position: 00:00:03 for track: /Users/aidanalrawi/podcasts/The mind behind Linux  Linus Torvalds  TED.mp3
debug 2025/05/05 13:49:30 Updated tabs: [00:00:03 <b>]
debug 2025/05/05 13:49:32 Adding bookmark
debug 2025/05/05 13:49:32 Added bookmark at position: 00:00:06 for track: /Users/aidanalrawi/podcasts/The mind behind Linux  Linus Torvalds  TED.mp3
debug 2025/05/05 13:49:32 Updated tabs: [00:00:03 00:00:06 <b>]
debug 2025/05/05 14:09:21 Loading application configuration
debug 2025/05/05 14:09:21 Configuration loaded, directories to scan: [/Users/aidanalrawi/podcasts]
debug 2025/05/05 14:09:21 Scanning directories for audio files: [/Users/aidanalrawi/podcasts]
debug 2025/05/05 14:09:21 Found audio file: /Users/aidanalrawi/podcasts/Donald Trump Interview  Lex Fridman Podcast #442.mp3
debug 2025/05/05 14:09:21 Reading metadata for file: /Users/aidanalrawi/podcasts/Donald Trump Interview  Lex Fridman Podcast #442.mp3
debug 2025/05/05 14:09:21 Processed audio file: Title=Donald Trump Interview, Description=* Lex Fridman Podcast ⊚ Lex Fridman *, Format=0
debug 2025/05/05 14:09:21 Found audio file: /Users/aidanalrawi/podcasts/Mark Zuckerberg – Llama 4, DeepSeek, Trump, AI Friends, & Race to AGI.mp3
debug 2025/05/05 14:09:21 Reading metadata for file: /Users/aidanalrawi/podcasts/Mark Zuckerberg – Llama 4, DeepSeek, Trump, AI Friends, & Race to AGI.mp3
debug 2025/05/05 14:09:21 Processed audio file: Title=Mark Zuckerberg â Llama 4, DeepSeek, Trump, AI Friends, & Race to AGI, Description=* Dwarkesh Podcast ⊚ Dwarkesh Patel *, Format=0
debug 2025/05/05 14:09:21 Found audio file: /Users/aidanalrawi/podcasts/NVIDIA CEO Jensen Huang's Vision for Your Future.mp3
debug 2025/05/05 14:09:21 Reading metadata for file: /Users/aidanalrawi/podcasts/NVIDIA CEO Jensen Huang's Vision for Your Future.mp3
debug 2025/05/05 14:09:21 Processed audio file: Title=NVIDIA CEO Jensen Huang's Vision for Your Future, Description=* TED Talks ⊚ TED *, Format=0
debug 2025/05/05 14:09:21 Found audio file: /Users/aidanalrawi/podcasts/The mind behind Linux  Linus Torvalds  TED.mp3
debug 2025/05/05 14:09:21 Reading metadata for file: /Users/aidanalrawi/podcasts/The mind behind Linux  Linus Torvalds  TED.mp3
debug 2025/05/05 14:09:21 Processed audio file: Title=The mind behind Linux  Linus Torvalds  TED, Description=* TED Talks ⊚ TED *, Format=0
debug 2025/05/05 14:09:21 Found 4 audio tracks in total
debug 2025/05/05 14:09:21 Initializing application model
debug 2025/05/05 14:09:21 Initializing audio key mapping
debug 2025/05/05 14:09:21 Initializing audio key mapping
debug 2025/05/05 14:09:21 Starting TUI application
debug 2025/05/05 14:09:21 Initializing tea model
debug 2025/05/05 14:09:21 Window resized to 116 x 64
debug 2025/05/05 14:09:26 Selected track index: 0
debug 2025/05/05 14:09:26 Playing track: Donald Trump Interview
debug 2025/05/05 14:09:26 Now playing: Donald Trump Interview
debug 2025/05/05 14:09:29 Toggling pause state
debug 2025/05/05 14:09:30 Toggling pause state
debug 2025/05/05 14:09:32 Toggling pause state
debug 2025/05/05 14:09:34 Toggling pause state
debug 2025/05/05 14:09:37 Toggling pause state
debug 2025/05/05 14:09:47 Toggling pause state
debug 2025/05/05 14:09:48 Toggling pause state
debug 2025/05/05 14:09:49 Toggling pause state
debug 2025/05/05 14:09:54 Toggling pause state
debug 2025/05/05 14:10:02 Quit requested
debug 2025/05/05 14:10:02 Closed audio player
debug 2025/05/05 14:10:02 Saved bookmarks and exiting application
debug 2025/05/05 14:10:02 Application shutting down, cleaning up resources
debug 2025/05/05 14:10:02 Audio player application terminated
debug 2025/05/05 14:15:35 Loading application configuration
debug 2025/05/05 14:15:35 Configuration loaded, directories to scan: [/Users/aidanalrawi/podcasts]
debug 2025/05/05 14:15:35 Scanning directories for audio files: [/Users/aidanalrawi/podcasts]
debug 2025/05/05 14:15:35 Found audio file: /Users/aidanalrawi/podcasts/Donald Trump Interview  Lex Fridman Podcast #442.mp3
debug 2025/05/05 14:15:35 Reading metadata for file: /Users/aidanalrawi/podcasts/Donald Trump Interview  Lex Fridman Podcast #442.mp3
debug 2025/05/05 14:15:35 Processed audio file: Title=Donald Trump Interview, Description=* Lex Fridman Podcast ⊚ Lex Fridman *, Format=0
debug 2025/05/05 14:15:35 Found audio file: /Users/aidanalrawi/podcasts/Mark Zuckerberg – Llama 4, DeepSeek, Trump, AI Friends, & Race to AGI.mp3
debug 2025/05/05 14:15:35 Reading metadata for file: /Users/aidanalrawi/podcasts/Mark Zuckerberg – Llama 4, DeepSeek, Trump, AI Friends, & Race to AGI.mp3
debug 2025/05/05 14:15:35 Processed audio file: Title=Mark Zuckerberg â Llama 4, DeepSeek, Trump, AI Friends, & Race to AGI, Description=* Dwarkesh Podcast ⊚ Dwarkesh Patel *, Format=0
debug 2025/05/05 14:15:35 Found audio file: /Users/aidanalrawi/podcasts/NVIDIA CEO Jensen Huang's Vision for Your Future.mp3
debug 2025/05/05 14:15:35 Reading metadata for file: /Users/aidanalrawi/podcasts/NVIDIA CEO Jensen Huang's Vision for Your Future.mp3
debug 2025/05/05 14:15:35 Processed audio file: Title=NVIDIA CEO Jensen Huang's Vision for Your Future, Description=* TED Talks ⊚ TED *, Format=0
debug 2025/05/05 14:15:35 Found audio file: /Users/aidanalrawi/podcasts/The mind behind Linux  Linus Torvalds  TED.mp3
debug 2025/05/05 14:15:35 Reading metadata for file: /Users/aidanalrawi/podcasts/The mind behind Linux  Linus Torvalds  TED.mp3
debug 2025/05/05 14:15:35 Processed audio file: Title=The mind behind Linux  Linus Torvalds  TED, Description=* TED Talks ⊚ TED *, Format=0
debug 2025/05/05 14:15:35 Found 4 audio tracks in total
debug 2025/05/05 14:15:35 Initializing application model
debug 2025/05/05 14:15:35 Initializing audio key mapping
debug 2025/05/05 14:15:35 Initializing audio key mapping
debug 2025/05/05 14:15:35 Starting TUI application
debug 2025/05/05 14:15:35 Initializing tea model
debug 2025/05/05 14:15:35 Window resized to 116 x 63
debug 2025/05/05 14:15:47 Selected track index: 2
debug 2025/05/05 14:15:47 Playing track: NVIDIA CEO Jensen Huang's Vision for Your Future
debug 2025/05/05 14:15:47 Now playing: NVIDIA CEO Jensen Huang's Vision for Your Future
debug 2025/05/05 14:15:48 Selected track index: 0
debug 2025/05/05 14:15:48 Rewinding current track
debug 2025/05/05 14:15:48 Playing track: Donald Trump Interview
debug 2025/05/05 14:15:49 Now playing: Donald Trump Interview
debug 2025/05/05 14:15:52 Selected track index: 2
debug 2025/05/05 14:15:52 Rewinding current track
debug 2025/05/05 14:15:52 Playing track: NVIDIA CEO Jensen Huang's Vision for Your Future
debug 2025/05/05 14:15:52 Now playing: NVIDIA CEO Jensen Huang's Vision for Your Future
debug 2025/05/05 14:15:54 Toggling pause state
debug 2025/05/05 14:15:55 Toggling pause state
debug 2025/05/05 14:15:56 Toggling pause state
debug 2025/05/05 14:15:57 Toggling pause state
debug 2025/05/05 14:15:59 Selected track index: 2
debug 2025/05/05 14:15:59 Rewinding current track
debug 2025/05/05 14:15:59 Playing track: NVIDIA CEO Jensen Huang's Vision for Your Future
debug 2025/05/05 14:15:59 Now playing: NVIDIA CEO Jensen Huang's Vision for Your Future
debug 2025/05/05 14:16:00 Selected track index: 2
debug 2025/05/05 14:16:00 Rewinding current track
debug 2025/05/05 14:16:00 Playing track: NVIDIA CEO Jensen Huang's Vision for Your Future
debug 2025/05/05 14:16:01 Now playing: NVIDIA CEO Jensen Huang's Vision for Your Future
debug 2025/05/05 14:16:01 Toggling pause state
debug 2025/05/05 14:16:08 Quit requested
debug 2025/05/05 14:16:08 Closed audio player
debug 2025/05/05 14:16:08 Saved bookmarks and exiting application
debug 2025/05/05 14:16:08 Application shutting down, cleaning up resources
debug 2025/05/05 14:16:08 Audio player application terminated
debug 2025/05/05 14:16:50 Loading application configuration
debug 2025/05/05 14:16:50 Configuration loaded, directories to scan: [/Users/aidanalrawi/podcasts]
debug 2025/05/05 14:16:50 Scanning directories for audio files: [/Users/aidanalrawi/podcasts]
debug 2025/05/05 14:16:50 Found audio file: /Users/aidanalrawi/podcasts/Donald Trump Interview  Lex Fridman Podcast #442.mp3
debug 2025/05/05 14:16:50 Reading metadata for file: /Users/aidanalrawi/podcasts/Donald Trump Interview  Lex Fridman Podcast #442.mp3
debug 2025/05/05 14:16:50 Processed audio file: Title=Donald Trump Interview, Description=* Lex Fridman Podcast ⊚ Lex Fridman *, Format=0
debug 2025/05/05 14:16:50 Found audio file: /Users/aidanalrawi/podcasts/Mark Zuckerberg – Llama 4, DeepSeek, Trump, AI Friends, & Race to AGI.mp3
debug 2025/05/05 14:16:50 Reading metadata for file: /Users/aidanalrawi/podcasts/Mark Zuckerberg – Llama 4, DeepSeek, Trump, AI Friends, & Race to AGI.mp3
debug 2025/05/05 14:16:50 Processed audio file: Title=Mark Zuckerberg â Llama 4, DeepSeek, Trump, AI Friends, & Race to AGI, Description=* Dwarkesh Podcast ⊚ Dwarkesh Patel *, Format=0
debug 2025/05/05 14:16:50 Found audio file: /Users/aidanalrawi/podcasts/NVIDIA CEO Jensen Huang's Vision for Your Future.mp3
debug 2025/05/05 14:16:50 Reading metadata for file: /Users/aidanalrawi/podcasts/NVIDIA CEO Jensen Huang's Vision for Your Future.mp3
debug 2025/05/05 14:16:50 Processed audio file: Title=NVIDIA CEO Jensen Huang's Vision for Your Future, Description=* TED Talks ⊚ TED *, Format=0
debug 2025/05/05 14:16:50 Found audio file: /Users/aidanalrawi/podcasts/The mind behind Linux  Linus Torvalds  TED.mp3
debug 2025/05/05 14:16:50 Reading metadata for file: /Users/aidanalrawi/podcasts/The mind behind Linux  Linus Torvalds  TED.mp3
debug 2025/05/05 14:16:50 Processed audio file: Title=The mind behind Linux  Linus Torvalds  TED, Description=* TED Talks ⊚ TED *, Format=0
debug 2025/05/05 14:16:50 Found 4 audio tracks in total
debug 2025/05/05 14:16:50 Initializing application model
debug 2025/05/05 14:16:50 Initializing audio key mapping
debug 2025/05/05 14:16:50 Initializing audio key mapping
debug 2025/05/05 14:16:50 Starting TUI application
debug 2025/05/05 14:16:50 Initializing tea model
debug 2025/05/05 14:16:50 Window resized to 116 x 63
debug 2025/05/05 14:16:52 Selected track index: 0
debug 2025/05/05 14:16:52 Playing track: Donald Trump Interview
debug 2025/05/05 14:16:52 Now playing: Donald Trump Interview
debug 2025/05/05 14:16:54 Toggling pause state
debug 2025/05/05 14:16:55 Toggling pause state
debug 2025/05/05 14:16:55 Toggling pause state
debug 2025/05/05 14:16:56 Toggling pause state
debug 2025/05/05 14:16:56 Toggling pause state
debug 2025/05/05 14:16:58 Toggling pause state
debug 2025/05/05 14:17:05 Toggling pause state
debug 2025/05/05 14:17:18 Quit requested
debug 2025/05/05 14:17:18 Closed audio player
debug 2025/05/05 14:17:18 Saved bookmarks and exiting application
debug 2025/05/05 14:17:18 Application shutting down, cleaning up resources
debug 2025/05/05 14:17:18 Audio player application terminated
debug 2025/05/05 14:18:54 Loading application configuration
debug 2025/05/05 14:20:38 Loading application configuration
debug 2025/05/05 14:21:19 Loading application configuration
debug 2025/05/05 14:21:19 Configuration loaded, directories to scan: [/Users/aidanalrawi/podcasts]
debug 2025/05/05 14:21:19 Scanning directories for audio files: [/Users/aidanalrawi/podcasts]
debug 2025/05/05 14:21:19 Found audio file: /Users/aidanalrawi/podcasts/Donald Trump Interview  Lex Fridman Podcast #442.mp3
debug 2025/05/05 14:21:19 Reading metadata for file: /Users/aidanalrawi/podcasts/Donald Trump Interview  Lex Fridman Podcast #442.mp3
debug 2025/05/05 14:21:19 Processed audio file: Title=Donald Trump Interview, Description=* Lex Fridman Podcast ⊚ Lex Fridman *, Format=0
debug 2025/05/05 14:21:19 Found audio file: /Users/aidanalrawi/podcasts/Mark Zuckerberg – Llama 4, DeepSeek, Trump, AI Friends, & Race to AGI.mp3
debug 2025/05/05 14:21:19 Reading metadata for file: /Users/aidanalrawi/podcasts/Mark Zuckerberg – Llama 4, DeepSeek, Trump, AI Friends, & Race to AGI.mp3
debug 2025/05/05 14:21:19 Processed audio file: Title=Mark Zuckerberg â Llama 4, DeepSeek, Trump, AI Friends, & Race to AGI, Description=* Dwarkesh Podcast ⊚ Dwarkesh Patel *, Format=0
debug 2025/05/05 14:21:19 Found audio file: /Users/aidanalrawi/podcasts/NVIDIA CEO Jensen Huang's Vision for Your Future.mp3
debug 2025/05/05 14:21:19 Reading metadata for file: /Users/aidanalrawi/podcasts/NVIDIA CEO Jensen Huang's Vision for Your Future.mp3
debug 2025/05/05 14:21:19 Processed audio file: Title=NVIDIA CEO Jensen Huang's Vision for Your Future, Description=* TED Talks ⊚ TED *, Format=0
debug 2025/05/05 14:21:19 Found audio file: /Users/aidanalrawi/podcasts/The mind behind Linux  Linus Torvalds  TED.mp3
debug 2025/05/05 14:21:19 Reading metadata for file: /Users/aidanalrawi/podcasts/The mind behind Linux  Linus Torvalds  TED.mp3
debug 2025/05/05 14:21:19 Processed audio file: Title=The mind behind Linux  Linus Torvalds  TED, Description=* TED Talks ⊚ TED *, Format=0
debug 2025/05/05 14:21:19 Found 4 audio tracks in total
debug 2025/05/05 14:21:19 Initializing application model
debug 2025/05/05 14:21:19 Initializing audio key mapping
debug 2025/05/05 14:21:19 Initializing audio key mapping
debug 2025/05/05 14:21:19 Starting TUI application
debug 2025/05/05 14:21:19 Initializing tea model
debug 2025/05/05 14:21:19 Window resized to 116 x 63
debug 2025/05/05 14:21:30 Selected track index: 1
debug 2025/05/05 14:21:30 Playing track: Mark Zuckerberg â Llama 4, DeepSeek, Trump, AI Friends, & Race to AGI
debug 2025/05/05 14:21:30 Now playing: Mark Zuckerberg â Llama 4, DeepSeek, Trump, AI Friends, & Race to AGI
debug 2025/05/05 14:21:35 Toggling pause state
debug 2025/05/05 14:21:47 Adding bookmark
debug 2025/05/05 14:21:47 Added bookmark at position: 00:00:04 for track: /Users/aidanalrawi/podcasts/Mark Zuckerberg – Llama 4, DeepSeek, Trump, AI Friends, & Race to AGI.mp3
debug 2025/05/05 14:21:47 Updated tabs: [00:00:04 <b>]
debug 2025/05/05 14:21:54 Toggling pause state
debug 2025/05/05 14:21:54 Seek forward requested, value: 1
debug 2025/05/05 14:21:54 Applying seek position: 1
debug 2025/05/05 14:21:54 Seek forward requested, value: 1
debug 2025/05/05 14:21:54 Applying seek position: 1
debug 2025/05/05 14:21:55 Seek forward requested, value: 1
debug 2025/05/05 14:21:55 Applying seek position: 1
debug 2025/05/05 14:21:55 Seek forward requested, value: 1
debug 2025/05/05 14:21:55 Applying seek position: 1
debug 2025/05/05 14:21:55 Seek forward requested, value: 1
debug 2025/05/05 14:21:55 Applying seek position: 1
debug 2025/05/05 14:21:55 Seek forward requested, value: 1
debug 2025/05/05 14:21:55 Applying seek position: 1
debug 2025/05/05 14:21:55 Seek forward requested, value: 1
debug 2025/05/05 14:21:55 Applying seek position: 1
debug 2025/05/05 14:21:55 Seek forward requested, value: 1
debug 2025/05/05 14:21:55 Applying seek position: 1
debug 2025/05/05 14:21:55 Seek forward requested, value: 1
debug 2025/05/05 14:21:56 Applying seek position: 1
debug 2025/05/05 14:21:56 Seek forward requested, value: 1
debug 2025/05/05 14:21:56 Applying seek position: 1
debug 2025/05/05 14:21:56 Seek forward requested, value: 1
debug 2025/05/05 14:21:56 Applying seek position: 1
debug 2025/05/05 14:21:56 Seek forward requested, value: 1
debug 2025/05/05 14:21:56 Applying seek position: 1
debug 2025/05/05 14:21:56 Seek forward requested, value: 1
debug 2025/05/05 14:21:56 Applying seek position: 1
debug 2025/05/05 14:21:58 Toggling pause state
debug 2025/05/05 14:21:58 Adding bookmark
debug 2025/05/05 14:21:58 Added bookmark at position: 00:00:22 for track: /Users/aidanalrawi/podcasts/Mark Zuckerberg – Llama 4, DeepSeek, Trump, AI Friends, & Race to AGI.mp3
debug 2025/05/05 14:21:58 Updated tabs: [00:00:04 00:00:22 <b>]
debug 2025/05/05 14:22:00 Toggling pause state
debug 2025/05/05 14:22:01 Seek forward requested, value: 1
debug 2025/05/05 14:22:01 Applying seek position: 1
debug 2025/05/05 14:22:01 Seek forward requested, value: 1
debug 2025/05/05 14:22:01 Applying seek position: 1
debug 2025/05/05 14:22:01 Seek forward requested, value: 1
debug 2025/05/05 14:22:01 Applying seek position: 1
debug 2025/05/05 14:22:01 Seek forward requested, value: 1
debug 2025/05/05 14:22:02 Applying seek position: 1
debug 2025/05/05 14:22:02 Seek forward requested, value: 1
debug 2025/05/05 14:22:02 Applying seek position: 1
debug 2025/05/05 14:22:02 Seek forward requested, value: 1
debug 2025/05/05 14:22:02 Applying seek position: 1
debug 2025/05/05 14:22:02 Seek forward requested, value: 1
debug 2025/05/05 14:22:02 Applying seek position: 1
debug 2025/05/05 14:22:02 Seek forward requested, value: 1
debug 2025/05/05 14:22:02 Applying seek position: 1
debug 2025/05/05 14:22:02 Adding bookmark
debug 2025/05/05 14:22:02 Added bookmark at position: 00:00:32 for track: /Users/aidanalrawi/podcasts/Mark Zuckerberg – Llama 4, DeepSeek, Trump, AI Friends, & Race to AGI.mp3
debug 2025/05/05 14:22:02 Updated tabs: [00:00:04 00:00:22 00:00:32 <b>]
debug 2025/05/05 14:22:04 Toggling pause state
debug 2025/05/05 14:22:06 Moving to previous bookmark
debug 2025/05/05 14:22:06 Moving to bookmark: 00:00:22
debug 2025/05/05 14:22:06 Attempting to jump to bookmark: 00:00:22
debug 2025/05/05 14:22:06 Bookmark position in seconds: 22
debug 2025/05/05 14:22:06 Jumping to bookmark: 00:00:22 at fraction: 0.0048
debug 2025/05/05 14:22:07 Moving to next bookmark
debug 2025/05/05 14:22:07 Moving to bookmark: 00:00:32
debug 2025/05/05 14:22:07 Attempting to jump to bookmark: 00:00:32
debug 2025/05/05 14:22:07 Bookmark position in seconds: 32
debug 2025/05/05 14:22:07 Jumping to bookmark: 00:00:32 at fraction: 0.0070
debug 2025/05/05 14:22:07 Moving to previous bookmark
debug 2025/05/05 14:22:07 Moving to bookmark: 00:00:22
debug 2025/05/05 14:22:07 Attempting to jump to bookmark: 00:00:22
debug 2025/05/05 14:22:07 Bookmark position in seconds: 22
debug 2025/05/05 14:22:07 Jumping to bookmark: 00:00:22 at fraction: 0.0048
debug 2025/05/05 14:22:07 Moving to next bookmark
debug 2025/05/05 14:22:07 Moving to bookmark: 00:00:32
debug 2025/05/05 14:22:07 Attempting to jump to bookmark: 00:00:32
debug 2025/05/05 14:22:07 Bookmark position in seconds: 32
debug 2025/05/05 14:22:07 Jumping to bookmark: 00:00:32 at fraction: 0.0070
debug 2025/05/05 14:22:07 Moving to previous bookmark
debug 2025/05/05 14:22:07 Moving to bookmark: 00:00:22
debug 2025/05/05 14:22:07 Attempting to jump to bookmark: 00:00:22
debug 2025/05/05 14:22:07 Bookmark position in seconds: 22
debug 2025/05/05 14:22:07 Jumping to bookmark: 00:00:22 at fraction: 0.0048
debug 2025/05/05 14:22:07 Moving to next bookmark
debug 2025/05/05 14:22:07 Moving to bookmark: 00:00:32
debug 2025/05/05 14:22:07 Attempting to jump to bookmark: 00:00:32
debug 2025/05/05 14:22:07 Bookmark position in seconds: 32
debug 2025/05/05 14:22:07 Jumping to bookmark: 00:00:32 at fraction: 0.0070
debug 2025/05/05 14:22:08 Moving to previous bookmark
debug 2025/05/05 14:22:08 Moving to bookmark: 00:00:22
debug 2025/05/05 14:22:08 Attempting to jump to bookmark: 00:00:22
debug 2025/05/05 14:22:08 Bookmark position in seconds: 22
debug 2025/05/05 14:22:08 Jumping to bookmark: 00:00:22 at fraction: 0.0048
debug 2025/05/05 14:22:09 Toggling pause state
debug 2025/05/05 14:22:09 Moving to previous bookmark
debug 2025/05/05 14:22:09 Moving to bookmark: 00:00:04
debug 2025/05/05 14:22:09 Attempting to jump to bookmark: 00:00:04
debug 2025/05/05 14:22:09 Bookmark position in seconds: 4
debug 2025/05/05 14:22:09 Jumping to bookmark: 00:00:04 at fraction: 0.0009
debug 2025/05/05 14:22:09 Moving to next bookmark
debug 2025/05/05 14:22:09 Moving to bookmark: 00:00:22
debug 2025/05/05 14:22:09 Attempting to jump to bookmark: 00:00:22
debug 2025/05/05 14:22:09 Bookmark position in seconds: 22
debug 2025/05/05 14:22:09 Jumping to bookmark: 00:00:22 at fraction: 0.0048
debug 2025/05/05 14:22:10 Moving to next bookmark
debug 2025/05/05 14:22:10 Moving to bookmark: 00:00:32
debug 2025/05/05 14:22:10 Attempting to jump to bookmark: 00:00:32
debug 2025/05/05 14:22:10 Bookmark position in seconds: 32
debug 2025/05/05 14:22:10 Jumping to bookmark: 00:00:32 at fraction: 0.0070
debug 2025/05/05 14:22:11 Moving to previous bookmark
debug 2025/05/05 14:22:11 Moving to bookmark: 00:00:22
debug 2025/05/05 14:22:11 Attempting to jump to bookmark: 00:00:22
debug 2025/05/05 14:22:11 Bookmark position in seconds: 22
debug 2025/05/05 14:22:11 Jumping to bookmark: 00:00:22 at fraction: 0.0048
debug 2025/05/05 14:22:11 Moving to previous bookmark
debug 2025/05/05 14:22:11 Moving to bookmark: 00:00:04
debug 2025/05/05 14:22:11 Attempting to jump to bookmark: 00:00:04
debug 2025/05/05 14:22:11 Bookmark position in seconds: 4
debug 2025/05/05 14:22:11 Jumping to bookmark: 00:00:04 at fraction: 0.0009
debug 2025/05/05 14:22:11 Moving to next bookmark
debug 2025/05/05 14:22:11 Moving to bookmark: 00:00:22
debug 2025/05/05 14:22:11 Attempting to jump to bookmark: 00:00:22
debug 2025/05/05 14:22:11 Bookmark position in seconds: 22
debug 2025/05/05 14:22:11 Jumping to bookmark: 00:00:22 at fraction: 0.0048
debug 2025/05/05 14:22:12 Moving to next bookmark
debug 2025/05/05 14:22:12 Moving to bookmark: 00:00:32
debug 2025/05/05 14:22:12 Attempting to jump to bookmark: 00:00:32
debug 2025/05/05 14:22:12 Bookmark position in seconds: 32
debug 2025/05/05 14:22:12 Jumping to bookmark: 00:00:32 at fraction: 0.0070
debug 2025/05/05 14:22:12 Toggling pause state
debug 2025/05/05 14:22:21 Moving to previous bookmark
debug 2025/05/05 14:22:21 Moving to bookmark: 00:00:22
debug 2025/05/05 14:22:21 Attempting to jump to bookmark: 00:00:22
debug 2025/05/05 14:22:21 Bookmark position in seconds: 22
debug 2025/05/05 14:22:21 Jumping to bookmark: 00:00:22 at fraction: 0.0048
debug 2025/05/05 14:22:23 Removing bookmark
debug 2025/05/05 14:22:23 Removing bookmark: 00:00:22 from track: /Users/aidanalrawi/podcasts/Mark Zuckerberg – Llama 4, DeepSeek, Trump, AI Friends, & Race to AGI.mp3
debug 2025/05/05 14:22:23 Updated tabs: [00:00:04 00:00:32 <b>]
debug 2025/05/05 14:22:24 Removing bookmark
debug 2025/05/05 14:22:24 Removing bookmark: 00:00:32 from track: /Users/aidanalrawi/podcasts/Mark Zuckerberg – Llama 4, DeepSeek, Trump, AI Friends, & Race to AGI.mp3
debug 2025/05/05 14:22:24 Updated tabs: [00:00:04 <b>]
debug 2025/05/05 14:22:25 Removing bookmark
debug 2025/05/05 14:22:25 Removing bookmark: 00:00:04 from track: /Users/aidanalrawi/podcasts/Mark Zuckerberg – Llama 4, DeepSeek, Trump, AI Friends, & Race to AGI.mp3
debug 2025/05/05 14:22:27 Adding bookmark
debug 2025/05/05 14:22:27 Added bookmark at position: 00:00:21 for track: /Users/aidanalrawi/podcasts/Mark Zuckerberg – Llama 4, DeepSeek, Trump, AI Friends, & Race to AGI.mp3
debug 2025/05/05 14:22:27 Updated tabs: [00:00:21 <b>]
debug 2025/05/05 14:22:30 Quit requested
debug 2025/05/05 14:22:30 Closed audio player
debug 2025/05/05 14:22:30 Saved bookmarks and exiting application
debug 2025/05/05 14:22:30 Application shutting down, cleaning up resources
debug 2025/05/05 14:22:30 Audio player application terminated
debug 2025/05/05 14:22:32 Loading application configuration
debug 2025/05/05 14:22:32 Configuration loaded, directories to scan: [/Users/aidanalrawi/podcasts]
debug 2025/05/05 14:22:32 Scanning directories for audio files: [/Users/aidanalrawi/podcasts]
debug 2025/05/05 14:22:32 Found audio file: /Users/aidanalrawi/podcasts/Donald Trump Interview  Lex Fridman Podcast #442.mp3
debug 2025/05/05 14:22:32 Reading metadata for file: /Users/aidanalrawi/podcasts/Donald Trump Interview  Lex Fridman Podcast #442.mp3
debug 2025/05/05 14:22:32 Processed audio file: Title=Donald Trump Interview, Description=* Lex Fridman Podcast ⊚ Lex Fridman *, Format=0
debug 2025/05/05 14:22:32 Found audio file: /Users/aidanalrawi/podcasts/Mark Zuckerberg – Llama 4, DeepSeek, Trump, AI Friends, & Race to AGI.mp3
debug 2025/05/05 14:22:32 Reading metadata for file: /Users/aidanalrawi/podcasts/Mark Zuckerberg – Llama 4, DeepSeek, Trump, AI Friends, & Race to AGI.mp3
debug 2025/05/05 14:22:32 Processed audio file: Title=Mark Zuckerberg â Llama 4, DeepSeek, Trump, AI Friends, & Race to AGI, Description=* Dwarkesh Podcast ⊚ Dwarkesh Patel *, Format=0
debug 2025/05/05 14:22:32 Found audio file: /Users/aidanalrawi/podcasts/NVIDIA CEO Jensen Huang's Vision for Your Future.mp3
debug 2025/05/05 14:22:32 Reading metadata for file: /Users/aidanalrawi/podcasts/NVIDIA CEO Jensen Huang's Vision for Your Future.mp3
debug 2025/05/05 14:22:32 Processed audio file: Title=NVIDIA CEO Jensen Huang's Vision for Your Future, Description=* TED Talks ⊚ TED *, Format=0
debug 2025/05/05 14:22:32 Found audio file: /Users/aidanalrawi/podcasts/The mind behind Linux  Linus Torvalds  TED.mp3
debug 2025/05/05 14:22:32 Reading metadata for file: /Users/aidanalrawi/podcasts/The mind behind Linux  Linus Torvalds  TED.mp3
debug 2025/05/05 14:22:32 Processed audio file: Title=The mind behind Linux  Linus Torvalds  TED, Description=* TED Talks ⊚ TED *, Format=0
debug 2025/05/05 14:22:32 Found 4 audio tracks in total
debug 2025/05/05 14:22:32 Initializing application model
debug 2025/05/05 14:22:32 Initializing audio key mapping
debug 2025/05/05 14:22:32 Initializing audio key mapping
debug 2025/05/05 14:22:32 Starting TUI application
debug 2025/05/05 14:22:32 Initializing tea model
debug 2025/05/05 14:22:32 Window resized to 116 x 63
debug 2025/05/05 14:22:35 Selected track index: 1
debug 2025/05/05 14:22:35 Playing track: Mark Zuckerberg â Llama 4, DeepSeek, Trump, AI Friends, & Race to AGI
debug 2025/05/05 14:22:35 Now playing: Mark Zuckerberg â Llama 4, DeepSeek, Trump, AI Friends, & Race to AGI
debug 2025/05/05 14:22:35 Updated tabs: [00:00:21 <b>]
debug 2025/05/05 14:22:37 Toggling pause state
debug 2025/05/05 14:22:37 Moving to next bookmark
debug 2025/05/05 14:22:37 Moving to bookmark: 00:00:21
debug 2025/05/05 14:22:37 Attempting to jump to bookmark: 00:00:21
debug 2025/05/05 14:22:37 Bookmark position in seconds: 21
debug 2025/05/05 14:22:37 Jumping to bookmark: 00:00:21 at fraction: 0.0046
debug 2025/05/05 14:22:38 Toggling pause state
debug 2025/05/05 14:22:39 Toggling pause state
debug 2025/05/05 14:23:22 Selected track index: 3
debug 2025/05/05 14:23:22 Rewinding current track
debug 2025/05/05 14:23:22 Playing track: The mind behind Linux  Linus Torvalds  TED
debug 2025/05/05 14:23:22 Now playing: The mind behind Linux  Linus Torvalds  TED
debug 2025/05/05 14:23:24 Seek forward requested, value: 1
debug 2025/05/05 14:23:24 Applying seek position: 1
debug 2025/05/05 14:23:24 Seek forward requested, value: 1
debug 2025/05/05 14:23:24 Applying seek position: 1
debug 2025/05/05 14:23:24 Seek forward requested, value: 1
debug 2025/05/05 14:23:24 Applying seek position: 1
debug 2025/05/05 14:23:24 Seek forward requested, value: 1
debug 2025/05/05 14:23:24 Applying seek position: 1
debug 2025/05/05 14:23:24 Seek forward requested, value: 1
debug 2025/05/05 14:23:24 Applying seek position: 1
debug 2025/05/05 14:23:25 Seek forward requested, value: 1
debug 2025/05/05 14:23:25 Applying seek position: 1
debug 2025/05/05 14:23:25 Seek forward requested, value: 1
debug 2025/05/05 14:23:25 Applying seek position: 1
debug 2025/05/05 14:23:25 Seek forward requested, value: 1
debug 2025/05/05 14:23:25 Applying seek position: 1
debug 2025/05/05 14:23:25 Seek forward requested, value: 1
debug 2025/05/05 14:23:25 Applying seek position: 1
debug 2025/05/05 14:23:25 Seek forward requested, value: 1
debug 2025/05/05 14:23:25 Applying seek position: 1
debug 2025/05/05 14:23:25 Seek forward requested, value: 1
debug 2025/05/05 14:23:25 Applying seek position: 1
debug 2025/05/05 14:23:25 Seek forward requested, value: 1
debug 2025/05/05 14:23:25 Applying seek position: 1
debug 2025/05/05 14:23:26 Seek forward requested, value: 1
debug 2025/05/05 14:23:26 Applying seek position: 1
debug 2025/05/05 14:23:26 Seek forward requested, value: 1
debug 2025/05/05 14:23:26 Applying seek position: 1
debug 2025/05/05 14:23:26 Seek forward requested, value: 1
debug 2025/05/05 14:23:26 Applying seek position: 1
debug 2025/05/05 14:23:26 Toggling pause state
debug 2025/05/05 14:23:26 Adding bookmark
debug 2025/05/05 14:23:26 Added bookmark at position: 00:00:18 for track: /Users/aidanalrawi/podcasts/The mind behind Linux  Linus Torvalds  TED.mp3
debug 2025/05/05 14:23:26 Updated tabs: [00:00:18 <b>]
debug 2025/05/05 14:23:27 Adding bookmark
debug 2025/05/05 14:23:27 Added bookmark at position: 00:00:18 for track: /Users/aidanalrawi/podcasts/The mind behind Linux  Linus Torvalds  TED.mp3
debug 2025/05/05 14:23:27 Updated tabs: [00:00:18 00:00:18 <b>]
debug 2025/05/05 14:23:27 Adding bookmark
debug 2025/05/05 14:23:27 Added bookmark at position: 00:00:18 for track: /Users/aidanalrawi/podcasts/The mind behind Linux  Linus Torvalds  TED.mp3
debug 2025/05/05 14:23:27 Updated tabs: [00:00:18 00:00:18 00:00:18 <b>]
debug 2025/05/05 14:23:27 Adding bookmark
debug 2025/05/05 14:23:27 Added bookmark at position: 00:00:18 for track: /Users/aidanalrawi/podcasts/The mind behind Linux  Linus Torvalds  TED.mp3
debug 2025/05/05 14:23:27 Updated tabs: [00:00:18 00:00:18 00:00:18 00:00:18 <b>]
debug 2025/05/05 14:23:29 Removing bookmark
debug 2025/05/05 14:23:29 Removing bookmark: 00:00:18 from track: /Users/aidanalrawi/podcasts/The mind behind Linux  Linus Torvalds  TED.mp3
debug 2025/05/05 14:23:29 Updated tabs: [00:00:18 00:00:18 00:00:18 <b>]
debug 2025/05/05 14:23:30 Removing bookmark
debug 2025/05/05 14:23:30 Removing bookmark: 00:00:18 from track: /Users/aidanalrawi/podcasts/The mind behind Linux  Linus Torvalds  TED.mp3
debug 2025/05/05 14:23:30 Updated tabs: [00:00:18 00:00:18 <b>]
debug 2025/05/05 14:23:30 Removing bookmark
debug 2025/05/05 14:23:30 Removing bookmark: 00:00:18 from track: /Users/aidanalrawi/podcasts/The mind behind Linux  Linus Torvalds  TED.mp3
debug 2025/05/05 14:23:30 Updated tabs: [00:00:18 <b>]
debug 2025/05/05 14:23:30 Toggling pause state
debug 2025/05/05 14:23:30 Seek forward requested, value: 1
debug 2025/05/05 14:23:30 Applying seek position: 1
debug 2025/05/05 14:23:31 Seek forward requested, value: 1
debug 2025/05/05 14:23:31 Applying seek position: 1
debug 2025/05/05 14:23:31 Seek forward requested, value: 1
debug 2025/05/05 14:23:31 Applying seek position: 1
debug 2025/05/05 14:23:31 Seek forward requested, value: 1
debug 2025/05/05 14:23:31 Applying seek position: 1
debug 2025/05/05 14:23:31 Seek forward requested, value: 1
debug 2025/05/05 14:23:31 Applying seek position: 1
debug 2025/05/05 14:23:31 Seek forward requested, value: 1
debug 2025/05/05 14:23:31 Applying seek position: 1
debug 2025/05/05 14:23:31 Seek forward requested, value: 1
debug 2025/05/05 14:23:31 Applying seek position: 1
debug 2025/05/05 14:23:31 Seek forward requested, value: 1
debug 2025/05/05 14:23:31 Applying seek position: 1
debug 2025/05/05 14:23:32 Seek forward requested, value: 1
debug 2025/05/05 14:23:32 Seek forward requested, value: 2
debug 2025/05/05 14:23:32 Applying seek position: 2
debug 2025/05/05 14:23:32 Seek forward requested, value: 1
debug 2025/05/05 14:23:32 Applying seek position: 1
debug 2025/05/05 14:23:32 Adding bookmark
debug 2025/05/05 14:23:32 Added bookmark at position: 00:00:31 for track: /Users/aidanalrawi/podcasts/The mind behind Linux  Linus Torvalds  TED.mp3
debug 2025/05/05 14:23:32 Updated tabs: [00:00:18 00:00:31 <b>]
debug 2025/05/05 14:23:33 Toggling pause state
debug 2025/05/05 14:23:35 Moving to previous bookmark
debug 2025/05/05 14:23:35 Moving to bookmark: 00:00:18
debug 2025/05/05 14:23:35 Attempting to jump to bookmark: 00:00:18
debug 2025/05/05 14:23:35 Bookmark position in seconds: 18
debug 2025/05/05 14:23:35 Jumping to bookmark: 00:00:18 at fraction: 0.0140
debug 2025/05/05 14:23:35 Toggling pause state
debug 2025/05/05 14:23:36 Moving to next bookmark
debug 2025/05/05 14:23:36 Moving to bookmark: 00:00:31
debug 2025/05/05 14:23:36 Attempting to jump to bookmark: 00:00:31
debug 2025/05/05 14:23:36 Bookmark position in seconds: 31
debug 2025/05/05 14:23:36 Jumping to bookmark: 00:00:31 at fraction: 0.0240
debug 2025/05/05 14:23:36 Moving to previous bookmark
debug 2025/05/05 14:23:36 Moving to bookmark: 00:00:18
debug 2025/05/05 14:23:36 Attempting to jump to bookmark: 00:00:18
debug 2025/05/05 14:23:36 Bookmark position in seconds: 18
debug 2025/05/05 14:23:36 Jumping to bookmark: 00:00:18 at fraction: 0.0140
debug 2025/05/05 14:23:36 Moving to next bookmark
debug 2025/05/05 14:23:36 Moving to bookmark: 00:00:31
debug 2025/05/05 14:23:36 Attempting to jump to bookmark: 00:00:31
debug 2025/05/05 14:23:36 Bookmark position in seconds: 31
debug 2025/05/05 14:23:36 Jumping to bookmark: 00:00:31 at fraction: 0.0240
debug 2025/05/05 14:23:37 Toggling pause state
debug 2025/05/05 14:24:02 Quit requested
debug 2025/05/05 14:24:02 Closed audio player
debug 2025/05/05 14:24:02 Saved bookmarks and exiting application
debug 2025/05/05 14:24:02 Application shutting down, cleaning up resources
debug 2025/05/05 14:24:02 Audio player application terminated
debug 2025/05/05 14:24:04 Loading application configuration
debug 2025/05/05 14:24:04 Configuration loaded, directories to scan: [/Users/aidanalrawi/podcasts]
debug 2025/05/05 14:24:04 Scanning directories for audio files: [/Users/aidanalrawi/podcasts]
debug 2025/05/05 14:24:04 Found audio file: /Users/aidanalrawi/podcasts/Donald Trump Interview  Lex Fridman Podcast #442.mp3
debug 2025/05/05 14:24:04 Reading metadata for file: /Users/aidanalrawi/podcasts/Donald Trump Interview  Lex Fridman Podcast #442.mp3
debug 2025/05/05 14:24:04 Processed audio file: Title=Donald Trump Interview, Description=* Lex Fridman Podcast ⊚ Lex Fridman *, Format=0
debug 2025/05/05 14:24:04 Found audio file: /Users/aidanalrawi/podcasts/Mark Zuckerberg – Llama 4, DeepSeek, Trump, AI Friends, & Race to AGI.mp3
debug 2025/05/05 14:24:04 Reading metadata for file: /Users/aidanalrawi/podcasts/Mark Zuckerberg – Llama 4, DeepSeek, Trump, AI Friends, & Race to AGI.mp3
debug 2025/05/05 14:24:04 Processed audio file: Title=Mark Zuckerberg â Llama 4, DeepSeek, Trump, AI Friends, & Race to AGI, Description=* Dwarkesh Podcast ⊚ Dwarkesh Patel *, Format=0
debug 2025/05/05 14:24:04 Found audio file: /Users/aidanalrawi/podcasts/NVIDIA CEO Jensen Huang's Vision for Your Future.mp3
debug 2025/05/05 14:24:04 Reading metadata for file: /Users/aidanalrawi/podcasts/NVIDIA CEO Jensen Huang's Vision for Your Future.mp3
debug 2025/05/05 14:24:04 Processed audio file: Title=NVIDIA CEO Jensen Huang's Vision for Your Future, Description=* TED Talks ⊚ TED *, Format=0
debug 2025/05/05 14:24:04 Found audio file: /Users/aidanalrawi/podcasts/The mind behind Linux  Linus Torvalds  TED.mp3
debug 2025/05/05 14:24:04 Reading metadata for file: /Users/aidanalrawi/podcasts/The mind behind Linux  Linus Torvalds  TED.mp3
debug 2025/05/05 14:24:04 Processed audio file: Title=The mind behind Linux  Linus Torvalds  TED, Description=* TED Talks ⊚ TED *, Format=0
debug 2025/05/05 14:24:04 Found 4 audio tracks in total
debug 2025/05/05 14:24:04 Initializing application model
debug 2025/05/05 14:24:04 Initializing audio key mapping
debug 2025/05/05 14:24:04 Initializing audio key mapping
debug 2025/05/05 14:24:04 Starting TUI application
debug 2025/05/05 14:24:04 Initializing tea model
debug 2025/05/05 14:24:04 Window resized to 116 x 63
debug 2025/05/05 14:24:05 Selected track index: 2
debug 2025/05/05 14:24:05 Playing track: NVIDIA CEO Jensen Huang's Vision for Your Future
debug 2025/05/05 14:24:06 Now playing: NVIDIA CEO Jensen Huang's Vision for Your Future
debug 2025/05/05 14:24:07 Toggling repeat mode: true
debug 2025/05/05 14:24:07 Toggling pause state
debug 2025/05/05 14:24:11 Selected track index: 3
debug 2025/05/05 14:24:11 Rewinding current track
debug 2025/05/05 14:24:11 Playing track: The mind behind Linux  Linus Torvalds  TED
debug 2025/05/05 14:24:11 Now playing: The mind behind Linux  Linus Torvalds  TED
debug 2025/05/05 14:24:11 Updated tabs: [00:00:18 00:00:31 <b>]
debug 2025/05/05 14:24:12 Toggling pause state
debug 2025/05/05 14:24:18 Quit requested
debug 2025/05/05 14:24:18 Closed audio player
debug 2025/05/05 14:24:18 Saved bookmarks and exiting application
debug 2025/05/05 14:24:19 Application shutting down, cleaning up resources
debug 2025/05/05 14:24:19 Audio player application terminated
debug 2025/05/05 14:24:22 Loading application configuration
debug 2025/05/05 14:24:22 Configuration loaded, directories to scan: [/Users/aidanalrawi/podcasts]
debug 2025/05/05 14:24:22 Scanning directories for audio files: [/Users/aidanalrawi/podcasts]
debug 2025/05/05 14:24:22 Found audio file: /Users/aidanalrawi/podcasts/Donald Trump Interview  Lex Fridman Podcast #442.mp3
debug 2025/05/05 14:24:22 Reading metadata for file: /Users/aidanalrawi/podcasts/Donald Trump Interview  Lex Fridman Podcast #442.mp3
debug 2025/05/05 14:24:22 Processed audio file: Title=Donald Trump Interview, Description=* Lex Fridman Podcast ⊚ Lex Fridman *, Format=0
debug 2025/05/05 14:24:22 Found audio file: /Users/aidanalrawi/podcasts/Mark Zuckerberg – Llama 4, DeepSeek, Trump, AI Friends, & Race to AGI.mp3
debug 2025/05/05 14:24:22 Reading metadata for file: /Users/aidanalrawi/podcasts/Mark Zuckerberg – Llama 4, DeepSeek, Trump, AI Friends, & Race to AGI.mp3
debug 2025/05/05 14:24:22 Processed audio file: Title=Mark Zuckerberg â Llama 4, DeepSeek, Trump, AI Friends, & Race to AGI, Description=* Dwarkesh Podcast ⊚ Dwarkesh Patel *, Format=0
debug 2025/05/05 14:24:22 Found audio file: /Users/aidanalrawi/podcasts/NVIDIA CEO Jensen Huang's Vision for Your Future.mp3
debug 2025/05/05 14:24:22 Reading metadata for file: /Users/aidanalrawi/podcasts/NVIDIA CEO Jensen Huang's Vision for Your Future.mp3
debug 2025/05/05 14:24:22 Processed audio file: Title=NVIDIA CEO Jensen Huang's Vision for Your Future, Description=* TED Talks ⊚ TED *, Format=0
debug 2025/05/05 14:24:22 Found audio file: /Users/aidanalrawi/podcasts/The mind behind Linux  Linus Torvalds  TED.mp3
debug 2025/05/05 14:24:22 Reading metadata for file: /Users/aidanalrawi/podcasts/The mind behind Linux  Linus Torvalds  TED.mp3
debug 2025/05/05 14:24:22 Processed audio file: Title=The mind behind Linux  Linus Torvalds  TED, Description=* TED Talks ⊚ TED *, Format=0
debug 2025/05/05 14:24:22 Found 4 audio tracks in total
debug 2025/05/05 14:24:22 Initializing application model
debug 2025/05/05 14:24:22 Initializing audio key mapping
debug 2025/05/05 14:24:22 Initializing audio key mapping
debug 2025/05/05 14:24:22 Starting TUI application
debug 2025/05/05 14:24:22 Initializing tea model
debug 2025/05/05 14:24:22 Window resized to 116 x 63
debug 2025/05/05 14:24:25 Selected track index: 2
debug 2025/05/05 14:24:25 Playing track: NVIDIA CEO Jensen Huang's Vision for Your Future
debug 2025/05/05 14:24:25 Now playing: NVIDIA CEO Jensen Huang's Vision for Your Future
debug 2025/05/05 14:24:26 Selected track index: 3
debug 2025/05/05 14:24:26 Rewinding current track
debug 2025/05/05 14:24:26 Playing track: The mind behind Linux  Linus Torvalds  TED
debug 2025/05/05 14:24:26 Now playing: The mind behind Linux  Linus Torvalds  TED
debug 2025/05/05 14:24:26 Updated tabs: [00:00:18 00:00:31 <b>]
debug 2025/05/05 14:24:30 Quit requested
debug 2025/05/05 14:24:30 Closed audio player
debug 2025/05/05 14:24:30 Saved bookmarks and exiting application
debug 2025/05/05 14:24:30 Application shutting down, cleaning up resources
debug 2025/05/05 14:24:30 Audio player application terminated
debug 2025/05/05 17:39:30 Loading application configuration
debug 2025/05/05 17:39:30 Configuration loaded, directories to scan: [/Users/aidanalrawi/podcasts]
debug 2025/05/05 17:39:30 Scanning directories for audio files: [/Users/aidanalrawi/podcasts]
debug 2025/05/05 17:39:30 Found audio file: /Users/aidanalrawi/podcasts/Donald Trump Interview  Lex Fridman Podcast #442.mp3
debug 2025/05/05 17:39:30 Reading metadata for file: /Users/aidanalrawi/podcasts/Donald Trump Interview  Lex Fridman Podcast #442.mp3
debug 2025/05/05 17:39:30 Processed audio file: Title=Donald Trump Interview, Description=* Lex Fridman Podcast ⊚ Lex Fridman *, Format=0
debug 2025/05/05 17:39:30 Found audio file: /Users/aidanalrawi/podcasts/Mark Zuckerberg – Llama 4, DeepSeek, Trump, AI Friends, & Race to AGI.mp3
debug 2025/05/05 17:39:30 Reading metadata for file: /Users/aidanalrawi/podcasts/Mark Zuckerberg – Llama 4, DeepSeek, Trump, AI Friends, & Race to AGI.mp3
debug 2025/05/05 17:39:30 Processed audio file: Title=Mark Zuckerberg â Llama 4, DeepSeek, Trump, AI Friends, & Race to AGI, Description=* Dwarkesh Podcast ⊚ Dwarkesh Patel *, Format=0
debug 2025/05/05 17:39:30 Found audio file: /Users/aidanalrawi/podcasts/NVIDIA CEO Jensen Huang's Vision for Your Future.mp3
debug 2025/05/05 17:39:30 Reading metadata for file: /Users/aidanalrawi/podcasts/NVIDIA CEO Jensen Huang's Vision for Your Future.mp3
debug 2025/05/05 17:39:30 Processed audio file: Title=NVIDIA CEO Jensen Huang's Vision for Your Future, Description=* TED Talks ⊚ TED *, Format=0
debug 2025/05/05 17:39:30 Found audio file: /Users/aidanalrawi/podcasts/The mind behind Linux  Linus Torvalds  TED.mp3
debug 2025/05/05 17:39:30 Reading metadata for file: /Users/aidanalrawi/podcasts/The mind behind Linux  Linus Torvalds  TED.mp3
debug 2025/05/05 17:39:30 Processed audio file: Title=The mind behind Linux  Linus Torvalds  TED, Description=* TED Talks ⊚ TED *, Format=0
debug 2025/05/05 17:39:30 Found 4 audio tracks in total
debug 2025/05/05 17:39:30 Initializing application model
debug 2025/05/05 17:39:30 Initializing audio key mapping
debug 2025/05/05 17:39:30 Initializing audio key mapping
debug 2025/05/05 17:39:30 Starting TUI application
debug 2025/05/05 17:39:30 Initializing tea model
debug 2025/05/05 17:39:30 Window resized to 235 x 63
debug 2025/05/05 17:39:32 Selected track index: 0
debug 2025/05/05 17:39:32 Playing track: Donald Trump Interview
debug 2025/05/05 17:39:32 Now playing: Donald Trump Interview
debug 2025/05/05 17:39:33 Quit requested
debug 2025/05/05 17:39:33 Closed audio player
debug 2025/05/05 17:39:33 Saved bookmarks and exiting application
debug 2025/05/05 17:39:33 Application shutting down, cleaning up resources
debug 2025/05/05 17:39:33 Audio player application terminated
debug 2025/05/05 17:50:01 Loading application configuration
debug 2025/05/05 17:50:01 Configuration loaded, directories to scan: [/Users/aidanalrawi/podcasts]
debug 2025/05/05 17:50:01 Scanning directories for audio files: [/Users/aidanalrawi/podcasts]
debug 2025/05/05 17:50:01 Found audio file: /Users/aidanalrawi/podcasts/Donald Trump Interview  Lex Fridman Podcast #442.mp3
debug 2025/05/05 17:50:01 Reading metadata for file: /Users/aidanalrawi/podcasts/Donald Trump Interview  Lex Fridman Podcast #442.mp3
debug 2025/05/05 17:50:01 Processed audio file: Title=Donald Trump Interview, Description=* Lex Fridman Podcast ⊚ Lex Fridman *, Format=0
debug 2025/05/05 17:50:01 Found audio file: /Users/aidanalrawi/podcasts/Mark Zuckerberg – Llama 4, DeepSeek, Trump, AI Friends, & Race to AGI.mp3
debug 2025/05/05 17:50:01 Reading metadata for file: /Users/aidanalrawi/podcasts/Mark Zuckerberg – Llama 4, DeepSeek, Trump, AI Friends, & Race to AGI.mp3
debug 2025/05/05 17:50:01 Processed audio file: Title=Mark Zuckerberg â Llama 4, DeepSeek, Trump, AI Friends, & Race to AGI, Description=* Dwarkesh Podcast ⊚ Dwarkesh Patel *, Format=0
debug 2025/05/05 17:50:01 Found audio file: /Users/aidanalrawi/podcasts/NVIDIA CEO Jensen Huang's Vision for Your Future.mp3
debug 2025/05/05 17:50:01 Reading metadata for file: /Users/aidanalrawi/podcasts/NVIDIA CEO Jensen Huang's Vision for Your Future.mp3
debug 2025/05/05 17:50:01 Processed audio file: Title=NVIDIA CEO Jensen Huang's Vision for Your Future, Description=* TED Talks ⊚ TED *, Format=0
debug 2025/05/05 17:50:01 Found audio file: /Users/aidanalrawi/podcasts/The mind behind Linux  Linus Torvalds  TED.mp3
debug 2025/05/05 17:50:01 Reading metadata for file: /Users/aidanalrawi/podcasts/The mind behind Linux  Linus Torvalds  TED.mp3
debug 2025/05/05 17:50:01 Processed audio file: Title=The mind behind Linux  Linus Torvalds  TED, Description=* TED Talks ⊚ TED *, Format=0
debug 2025/05/05 17:50:01 Found 4 audio tracks in total
debug 2025/05/05 17:50:01 Initializing application model
debug 2025/05/05 17:50:01 Initializing audio key mapping
debug 2025/05/05 17:50:01 Initializing audio key mapping
debug 2025/05/05 17:50:01 Starting TUI application
debug 2025/05/05 17:50:01 Initializing tea model
debug 2025/05/05 17:50:01 Window resized to 76 x 63
debug 2025/05/05 17:50:02 Selected track index: 2
debug 2025/05/05 17:50:02 Playing track: NVIDIA CEO Jensen Huang's Vision for Your Future
debug 2025/05/05 17:50:03 Now playing: NVIDIA CEO Jensen Huang's Vision for Your Future
debug 2025/05/05 17:50:04 Adding bookmark
debug 2025/05/05 17:50:04 Added bookmark at position: 00:00:01 for track: /Users/aidanalrawi/podcasts/NVIDIA CEO Jensen Huang's Vision for Your Future.mp3
debug 2025/05/05 17:50:04 Updated tabs: [00:00:01 <b>]
debug 2025/05/05 17:50:06 Seek forward requested, value: 1
debug 2025/05/05 17:50:06 Applying seek position: 1
debug 2025/05/05 17:50:06 Seek forward requested, value: 1
debug 2025/05/05 17:50:06 Applying seek position: 1
debug 2025/05/05 17:50:06 Seek forward requested, value: 1
debug 2025/05/05 17:50:06 Applying seek position: 1
debug 2025/05/05 17:50:06 Seek forward requested, value: 1
debug 2025/05/05 17:50:06 Applying seek position: 1
debug 2025/05/05 17:50:06 Seek forward requested, value: 1
debug 2025/05/05 17:50:06 Applying seek position: 1
debug 2025/05/05 17:50:06 Seek forward requested, value: 1
debug 2025/05/05 17:50:06 Applying seek position: 1
debug 2025/05/05 17:50:06 Seek forward requested, value: 1
debug 2025/05/05 17:50:07 Seek forward requested, value: 2
debug 2025/05/05 17:50:07 Applying seek position: 2
debug 2025/05/05 17:50:07 Seek forward requested, value: 1
debug 2025/05/05 17:50:07 Applying seek position: 1
debug 2025/05/05 17:50:07 Adding bookmark
debug 2025/05/05 17:50:07 Added bookmark at position: 00:00:13 for track: /Users/aidanalrawi/podcasts/NVIDIA CEO Jensen Huang's Vision for Your Future.mp3
debug 2025/05/05 17:50:07 Updated tabs: [00:00:01 00:00:13 <b>]
debug 2025/05/05 17:50:09 Quit requested
debug 2025/05/05 17:50:09 Closed audio player
debug 2025/05/05 17:50:09 Saved bookmarks and exiting application
debug 2025/05/05 17:50:09 Application shutting down, cleaning up resources
debug 2025/05/05 17:50:09 Audio player application terminated
debug 2025/05/05 17:50:11 Loading application configuration
debug 2025/05/05 17:50:11 Configuration loaded, directories to scan: [/Users/aidanalrawi/podcasts]
debug 2025/05/05 17:50:11 Scanning directories for audio files: [/Users/aidanalrawi/podcasts]
debug 2025/05/05 17:50:11 Found audio file: /Users/aidanalrawi/podcasts/Donald Trump Interview  Lex Fridman Podcast #442.mp3
debug 2025/05/05 17:50:11 Reading metadata for file: /Users/aidanalrawi/podcasts/Donald Trump Interview  Lex Fridman Podcast #442.mp3
debug 2025/05/05 17:50:11 Processed audio file: Title=Donald Trump Interview, Description=* Lex Fridman Podcast ⊚ Lex Fridman *, Format=0
debug 2025/05/05 17:50:11 Found audio file: /Users/aidanalrawi/podcasts/Mark Zuckerberg – Llama 4, DeepSeek, Trump, AI Friends, & Race to AGI.mp3
debug 2025/05/05 17:50:11 Reading metadata for file: /Users/aidanalrawi/podcasts/Mark Zuckerberg – Llama 4, DeepSeek, Trump, AI Friends, & Race to AGI.mp3
debug 2025/05/05 17:50:11 Processed audio file: Title=Mark Zuckerberg â Llama 4, DeepSeek, Trump, AI Friends, & Race to AGI, Description=* Dwarkesh Podcast ⊚ Dwarkesh Patel *, Format=0
debug 2025/05/05 17:50:11 Found audio file: /Users/aidanalrawi/podcasts/NVIDIA CEO Jensen Huang's Vision for Your Future.mp3
debug 2025/05/05 17:50:11 Reading metadata for file: /Users/aidanalrawi/podcasts/NVIDIA CEO Jensen Huang's Vision for Your Future.mp3
debug 2025/05/05 17:50:11 Processed audio file: Title=NVIDIA CEO Jensen Huang's Vision for Your Future, Description=* TED Talks ⊚ TED *, Format=0
debug 2025/05/05 17:50:11 Found audio file: /Users/aidanalrawi/podcasts/The mind behind Linux  Linus Torvalds  TED.mp3
debug 2025/05/05 17:50:11 Reading metadata for file: /Users/aidanalrawi/podcasts/The mind behind Linux  Linus Torvalds  TED.mp3
debug 2025/05/05 17:50:11 Processed audio file: Title=The mind behind Linux  Linus Torvalds  TED, Description=* TED Talks ⊚ TED *, Format=0
debug 2025/05/05 17:50:11 Found 4 audio tracks in total
debug 2025/05/05 17:50:11 Initializing application model
debug 2025/05/05 17:50:11 Initializing audio key mapping
debug 2025/05/05 17:50:11 Initializing audio key mapping
debug 2025/05/05 17:50:11 Starting TUI application
debug 2025/05/05 17:50:11 Initializing tea model
debug 2025/05/05 17:50:11 Window resized to 76 x 63
debug 2025/05/05 17:50:11 Selected track index: 2
debug 2025/05/05 17:50:11 Playing track: NVIDIA CEO Jensen Huang's Vision for Your Future
debug 2025/05/05 17:50:12 Now playing: NVIDIA CEO Jensen Huang's Vision for Your Future
debug 2025/05/05 17:50:12 Updated tabs: [00:00:01 00:00:13 <b>]
debug 2025/05/05 17:50:13 Removing bookmark
debug 2025/05/05 17:50:13 Removing bookmark: 00:00:01 from track: /Users/aidanalrawi/podcasts/NVIDIA CEO Jensen Huang's Vision for Your Future.mp3
debug 2025/05/05 17:50:13 Updated tabs: [00:00:13 <b>]
debug 2025/05/05 17:50:14 Removing bookmark
debug 2025/05/05 17:50:14 Removing bookmark: 00:00:13 from track: /Users/aidanalrawi/podcasts/NVIDIA CEO Jensen Huang's Vision for Your Future.mp3
debug 2025/05/05 17:50:14 Quit requested
debug 2025/05/05 17:50:14 Closed audio player
debug 2025/05/05 17:50:14 Saved bookmarks and exiting application
debug 2025/05/05 17:50:14 Application shutting down, cleaning up resources
debug 2025/05/05 17:50:14 Audio player application terminated
debug 2025/05/05 18:52:20 Loading application configuration
debug 2025/05/05 18:52:20 Configuration loaded, directories to scan: [/Users/aidanalrawi/podcasts]
debug 2025/05/05 18:52:20 Scanning directories for audio files: [/Users/aidanalrawi/podcasts]
debug 2025/05/05 18:52:20 Found audio file: /Users/aidanalrawi/podcasts/Donald Trump Interview  Lex Fridman Podcast #442.mp3
debug 2025/05/05 18:52:20 Reading metadata for file: /Users/aidanalrawi/podcasts/Donald Trump Interview  Lex Fridman Podcast #442.mp3
debug 2025/05/05 18:52:20 Processed audio file: Title=Donald Trump Interview, Description=* Lex Fridman Podcast ⊚ Lex Fridman *, Format=0
debug 2025/05/05 18:52:20 Found audio file: /Users/aidanalrawi/podcasts/Mark Zuckerberg – Llama 4, DeepSeek, Trump, AI Friends, & Race to AGI.mp3
debug 2025/05/05 18:52:20 Reading metadata for file: /Users/aidanalrawi/podcasts/Mark Zuckerberg – Llama 4, DeepSeek, Trump, AI Friends, & Race to AGI.mp3
debug 2025/05/05 18:52:20 Processed audio file: Title=Mark Zuckerberg â Llama 4, DeepSeek, Trump, AI Friends, & Race to AGI, Description=* Dwarkesh Podcast ⊚ Dwarkesh Patel *, Format=0
debug 2025/05/05 18:52:20 Found audio file: /Users/aidanalrawi/podcasts/NVIDIA CEO Jensen Huang's Vision for Your Future.mp3
debug 2025/05/05 18:52:20 Reading metadata for file: /Users/aidanalrawi/podcasts/NVIDIA CEO Jensen Huang's Vision for Your Future.mp3
debug 2025/05/05 18:52:20 Processed audio file: Title=NVIDIA CEO Jensen Huang's Vision for Your Future, Description=* TED Talks ⊚ TED *, Format=0
debug 2025/05/05 18:52:20 Found audio file: /Users/aidanalrawi/podcasts/The mind behind Linux  Linus Torvalds  TED.mp3
debug 2025/05/05 18:52:20 Reading metadata for file: /Users/aidanalrawi/podcasts/The mind behind Linux  Linus Torvalds  TED.mp3
debug 2025/05/05 18:52:20 Processed audio file: Title=The mind behind Linux  Linus Torvalds  TED, Description=* TED Talks ⊚ TED *, Format=0
debug 2025/05/05 18:52:20 Found 4 audio tracks in total
debug 2025/05/05 18:52:20 Initializing application model
debug 2025/05/05 18:52:20 Initializing audio key mapping
debug 2025/05/05 18:52:20 Initializing audio key mapping
debug 2025/05/05 18:52:20 Starting TUI application
debug 2025/05/05 18:52:20 Initializing tea model
debug 2025/05/05 18:52:20 Window resized to 116 x 63
debug 2025/05/05 18:52:21 Quit requested
debug 2025/05/05 18:52:21 Saved bookmarks and exiting application
debug 2025/05/05 18:52:21 Application shutting down, cleaning up resources
debug 2025/05/05 18:52:21 Audio player application terminated
debug 2025/05/05 19:01:26 Loading application configuration
debug 2025/05/05 19:01:26 Configuration loaded, directories to scan: [/Users/aidanalrawi/podcasts]
debug 2025/05/05 19:01:26 Scanning directories for audio files: [/Users/aidanalrawi/podcasts]
debug 2025/05/05 19:01:26 Found audio file: /Users/aidanalrawi/podcasts/Donald Trump Interview  Lex Fridman Podcast #442.mp3
debug 2025/05/05 19:01:26 Reading metadata for file: /Users/aidanalrawi/podcasts/Donald Trump Interview  Lex Fridman Podcast #442.mp3
debug 2025/05/05 19:01:26 Processed audio file: Title=Donald Trump Interview, Description=* Lex Fridman Podcast ⊚ Lex Fridman *, Format=0
debug 2025/05/05 19:01:26 Found audio file: /Users/aidanalrawi/podcasts/Mark Zuckerberg – Llama 4, DeepSeek, Trump, AI Friends, & Race to AGI.mp3
debug 2025/05/05 19:01:26 Reading metadata for file: /Users/aidanalrawi/podcasts/Mark Zuckerberg – Llama 4, DeepSeek, Trump, AI Friends, & Race to AGI.mp3
debug 2025/05/05 19:01:26 Processed audio file: Title=Mark Zuckerberg â Llama 4, DeepSeek, Trump, AI Friends, & Race to AGI, Description=* Dwarkesh Podcast ⊚ Dwarkesh Patel *, Format=0
debug 2025/05/05 19:01:26 Found audio file: /Users/aidanalrawi/podcasts/NVIDIA CEO Jensen Huang's Vision for Your Future.mp3
debug 2025/05/05 19:01:26 Reading metadata for file: /Users/aidanalrawi/podcasts/NVIDIA CEO Jensen Huang's Vision for Your Future.mp3
debug 2025/05/05 19:01:26 Processed audio file: Title=NVIDIA CEO Jensen Huang's Vision for Your Future, Description=* TED Talks ⊚ TED *, Format=0
debug 2025/05/05 19:01:26 Found audio file: /Users/aidanalrawi/podcasts/The mind behind Linux  Linus Torvalds  TED.mp3
debug 2025/05/05 19:01:26 Reading metadata for file: /Users/aidanalrawi/podcasts/The mind behind Linux  Linus Torvalds  TED.mp3
debug 2025/05/05 19:01:26 Processed audio file: Title=The mind behind Linux  Linus Torvalds  TED, Description=* TED Talks ⊚ TED *, Format=0
debug 2025/05/05 19:01:26 Found 4 audio tracks in total
debug 2025/05/05 19:01:26 Initializing application model
debug 2025/05/05 19:01:26 Initializing audio key mapping
debug 2025/05/05 19:01:26 Initializing audio key mapping
debug 2025/05/05 19:01:26 Starting TUI application
debug 2025/05/05 19:01:26 Initializing tea model
debug 2025/05/05 19:01:26 Window resized to 116 x 63
debug 2025/05/05 19:01:27 Quit requested
debug 2025/05/05 19:01:27 Saved bookmarks and exiting application
debug 2025/05/05 19:01:27 Application shutting down, cleaning up resources
debug 2025/05/05 19:01:27 Audio player application terminated
debug 2025/05/05 19:01:29 Loading application configuration
debug 2025/05/05 19:01:29 Configuration loaded, directories to scan: [/Users/aidanalrawi/podcasts]
debug 2025/05/05 19:01:29 Scanning directories for audio files: [/Users/aidanalrawi/podcasts]
debug 2025/05/05 19:01:29 Found audio file: /Users/aidanalrawi/podcasts/Donald Trump Interview  Lex Fridman Podcast #442.mp3
debug 2025/05/05 19:01:29 Reading metadata for file: /Users/aidanalrawi/podcasts/Donald Trump Interview  Lex Fridman Podcast #442.mp3
debug 2025/05/05 19:01:29 Processed audio file: Title=Donald Trump Interview, Description=* Lex Fridman Podcast ⊚ Lex Fridman *, Format=0
debug 2025/05/05 19:01:29 Found audio file: /Users/aidanalrawi/podcasts/Mark Zuckerberg – Llama 4, DeepSeek, Trump, AI Friends, & Race to AGI.mp3
debug 2025/05/05 19:01:29 Reading metadata for file: /Users/aidanalrawi/podcasts/Mark Zuckerberg – Llama 4, DeepSeek, Trump, AI Friends, & Race to AGI.mp3
debug 2025/05/05 19:01:29 Processed audio file: Title=Mark Zuckerberg â Llama 4, DeepSeek, Trump, AI Friends, & Race to AGI, Description=* Dwarkesh Podcast ⊚ Dwarkesh Patel *, Format=0
debug 2025/05/05 19:01:29 Found audio file: /Users/aidanalrawi/podcasts/NVIDIA CEO Jensen Huang's Vision for Your Future.mp3
debug 2025/05/05 19:01:29 Reading metadata for file: /Users/aidanalrawi/podcasts/NVIDIA CEO Jensen Huang's Vision for Your Future.mp3
debug 2025/05/05 19:01:29 Processed audio file: Title=NVIDIA CEO Jensen Huang's Vision for Your Future, Description=* TED Talks ⊚ TED *, Format=0
debug 2025/05/05 19:01:29 Found audio file: /Users/aidanalrawi/podcasts/The mind behind Linux  Linus Torvalds  TED.mp3
debug 2025/05/05 19:01:29 Reading metadata for file: /Users/aidanalrawi/podcasts/The mind behind Linux  Linus Torvalds  TED.mp3
debug 2025/05/05 19:01:29 Processed audio file: Title=The mind behind Linux  Linus Torvalds  TED, Description=* TED Talks ⊚ TED *, Format=0
debug 2025/05/05 19:01:29 Found 4 audio tracks in total
debug 2025/05/05 19:01:29 Initializing application model
debug 2025/05/05 19:01:29 Initializing audio key mapping
debug 2025/05/05 19:01:29 Initializing audio key mapping
debug 2025/05/05 19:01:29 Starting TUI application
debug 2025/05/05 19:01:29 Initializing tea model
debug 2025/05/05 19:01:29 Window resized to 116 x 63
debug 2025/05/05 19:01:45 Selected track index: 0
debug 2025/05/05 19:01:45 Playing track: Donald Trump Interview
debug 2025/05/05 19:01:45 Now playing: Donald Trump Interview
debug 2025/05/05 19:01:48 Quit requested
debug 2025/05/05 19:01:48 Closed audio player
debug 2025/05/05 19:01:48 Saved bookmarks and exiting application
debug 2025/05/05 19:01:48 Application shutting down, cleaning up resources
debug 2025/05/05 19:01:48 Audio player application terminated
debug 2025/05/05 19:15:29 Loading application configuration
debug 2025/05/05 19:15:29 Configuration loaded, directories to scan: [/Users/aidanalrawi/podcasts]
debug 2025/05/05 19:15:29 Scanning directories for audio files: [/Users/aidanalrawi/podcasts]
debug 2025/05/05 19:15:29 Found audio file: /Users/aidanalrawi/podcasts/Donald Trump Interview  Lex Fridman Podcast #442.mp3
debug 2025/05/05 19:15:29 Reading metadata for file: /Users/aidanalrawi/podcasts/Donald Trump Interview  Lex Fridman Podcast #442.mp3
debug 2025/05/05 19:15:29 Processed audio file: Title=Donald Trump Interview, Description=* Lex Fridman Podcast ⊚ Lex Fridman *, Format=0
debug 2025/05/05 19:15:29 Found audio file: /Users/aidanalrawi/podcasts/Mark Zuckerberg – Llama 4, DeepSeek, Trump, AI Friends, & Race to AGI.mp3
debug 2025/05/05 19:15:29 Reading metadata for file: /Users/aidanalrawi/podcasts/Mark Zuckerberg – Llama 4, DeepSeek, Trump, AI Friends, & Race to AGI.mp3
debug 2025/05/05 19:15:29 Processed audio file: Title=Mark Zuckerberg â Llama 4, DeepSeek, Trump, AI Friends, & Race to AGI, Description=* Dwarkesh Podcast ⊚ Dwarkesh Patel *, Format=0
debug 2025/05/05 19:15:29 Found audio file: /Users/aidanalrawi/podcasts/NVIDIA CEO Jensen Huang's Vision for Your Future.mp3
debug 2025/05/05 19:15:29 Reading metadata for file: /Users/aidanalrawi/podcasts/NVIDIA CEO Jensen Huang's Vision for Your Future.mp3
debug 2025/05/05 19:15:29 Processed audio file: Title=NVIDIA CEO Jensen Huang's Vision for Your Future, Description=* TED Talks ⊚ TED *, Format=0
debug 2025/05/05 19:15:29 Found audio file: /Users/aidanalrawi/podcasts/The mind behind Linux  Linus Torvalds  TED.mp3
debug 2025/05/05 19:15:29 Reading metadata for file: /Users/aidanalrawi/podcasts/The mind behind Linux  Linus Torvalds  TED.mp3
debug 2025/05/05 19:15:29 Processed audio file: Title=The mind behind Linux  Linus Torvalds  TED, Description=* TED Talks ⊚ TED *, Format=0
debug 2025/05/05 19:15:29 Found 4 audio tracks in total
debug 2025/05/05 19:15:29 Initializing application model
debug 2025/05/05 19:15:29 Initializing audio key mapping
debug 2025/05/05 19:15:29 Initializing audio key mapping
debug 2025/05/05 19:15:29 Starting TUI application
debug 2025/05/05 19:15:29 Initializing tea model
debug 2025/05/05 19:15:29 Window resized to 235 x 64
debug 2025/05/05 19:15:31 Quit requested
debug 2025/05/05 19:15:31 Saved bookmarks and exiting application
debug 2025/05/05 19:15:31 Application shutting down, cleaning up resources
debug 2025/05/05 19:15:31 Audio player application terminated
debug 2025/05/05 19:48:43 Loading application configuration
debug 2025/05/05 19:48:43 Configuration loaded, directories to scan: [/Users/aidanalrawi/podcasts]
debug 2025/05/05 19:48:43 Scanning directories for audio files: [/Users/aidanalrawi/podcasts]
debug 2025/05/05 19:48:43 Found audio file: /Users/aidanalrawi/podcasts/Donald Trump Interview  Lex Fridman Podcast #442.mp3
debug 2025/05/05 19:48:43 Reading metadata for file: /Users/aidanalrawi/podcasts/Donald Trump Interview  Lex Fridman Podcast #442.mp3
debug 2025/05/05 19:48:43 Processed audio file: Title=Donald Trump Interview, Description=* Lex Fridman Podcast ⊚ Lex Fridman *, Format=0
debug 2025/05/05 19:48:43 Found audio file: /Users/aidanalrawi/podcasts/Mark Zuckerberg – Llama 4, DeepSeek, Trump, AI Friends, & Race to AGI.mp3
debug 2025/05/05 19:48:43 Reading metadata for file: /Users/aidanalrawi/podcasts/Mark Zuckerberg – Llama 4, DeepSeek, Trump, AI Friends, & Race to AGI.mp3
debug 2025/05/05 19:48:43 Processed audio file: Title=Mark Zuckerberg â Llama 4, DeepSeek, Trump, AI Friends, & Race to AGI, Description=* Dwarkesh Podcast ⊚ Dwarkesh Patel *, Format=0
debug 2025/05/05 19:48:43 Found audio file: /Users/aidanalrawi/podcasts/NVIDIA CEO Jensen Huang's Vision for Your Future.mp3
debug 2025/05/05 19:48:43 Reading metadata for file: /Users/aidanalrawi/podcasts/NVIDIA CEO Jensen Huang's Vision for Your Future.mp3
debug 2025/05/05 19:48:43 Processed audio file: Title=NVIDIA CEO Jensen Huang's Vision for Your Future, Description=* TED Talks ⊚ TED *, Format=0
debug 2025/05/05 19:48:43 Found audio file: /Users/aidanalrawi/podcasts/The mind behind Linux  Linus Torvalds  TED.mp3
debug 2025/05/05 19:48:43 Reading metadata for file: /Users/aidanalrawi/podcasts/The mind behind Linux  Linus Torvalds  TED.mp3
debug 2025/05/05 19:48:43 Processed audio file: Title=The mind behind Linux  Linus Torvalds  TED, Description=* TED Talks ⊚ TED *, Format=0
debug 2025/05/05 19:48:43 Found 4 audio tracks in total
debug 2025/05/05 19:48:43 Initializing application model
debug 2025/05/05 19:48:43 Initializing audio key mapping
debug 2025/05/05 19:48:43 Initializing audio key mapping
debug 2025/05/05 19:48:43 Starting TUI application
debug 2025/05/05 19:48:43 Initializing tea model
debug 2025/05/05 19:48:43 Window resized to 116 x 64
debug 2025/05/05 19:48:45 Quit requested
debug 2025/05/05 19:48:45 Saved bookmarks and exiting application
debug 2025/05/05 19:48:45 Application shutting down, cleaning up resources
debug 2025/05/05 19:48:45 Audio player application terminated
